DATE,CLOSE,TICKER,OPEN,HIGH,LOW,VOLUME
2018-11-30,5.2,FLC,5.22,5.24,5.16,2096970.0
2018-11-29,5.23,FLC,5.27,5.31,5.23,4407670.0
2018-11-28,5.26,FLC,5.27,5.3,5.25,2873250.0
2018-11-27,5.27,FLC,5.3,5.35,5.27,4104620.0
2018-11-26,5.28,FLC,5.25,5.31,5.25,3617470.0
2018-11-23,5.28,FLC,5.32,5.35,5.28,3195740.0
2018-11-22,5.31,FLC,5.35,5.38,5.31,3441920.0
2018-11-21,5.3,FLC,5.25,5.33,5.24,5192700.0
2018-11-20,5.38,FLC,5.32,5.41,5.3,4366370.0
2018-11-19,5.41,FLC,5.3,5.45,5.3,4721300.0
2018-11-16,5.26,FLC,5.29,5.33,5.07,1.943295E7
2018-11-15,5.22,FLC,5.48,5.51,5.17,1.507983E7
2018-11-14,5.48,FLC,5.64,5.75,5.48,5344960.0
2018-11-13,5.65,FLC,5.7,5.84,5.65,7908480.0
2018-11-12,5.6,FLC,5.6,5.71,5.59,5548440.0
2018-11-09,5.79,FLC,5.99,6.03,5.76,1.635535E7
2018-11-08,5.68,FLC,5.6,5.78,5.55,1.605899E7
2018-11-07,5.41,FLC,5.19,5.41,5.12,5846360.0
2018-11-06,5.19,FLC,5.21,5.27,5.17,4114320.0
2018-11-05,5.19,FLC,5.26,5.27,5.12,4214490.0
2018-11-02,5.26,FLC,5.01,5.26,5.01,5864920.0
2018-11-01,4.98,FLC,5.01,5.08,4.98,4570230.0
2018-10-31,5.01,FLC,4.95,5.06,4.95,4531270.0
2018-10-30,4.94,FLC,4.99,5.03,4.94,3730360.0
2018-10-29,5.0,FLC,5.07,5.07,4.99,5725220.0
2018-10-26,5.02,FLC,5.15,5.16,5.02,5815780.0
2018-10-25,5.08,FLC,5.1,5.15,5.02,5844450.0
2018-10-24,5.25,FLC,5.25,5.34,5.23,3080600.0
2018-10-23,5.25,FLC,5.3,5.38,5.2,9081960.0
2018-10-22,5.25,FLC,5.28,5.34,5.22,4689200.0
2018-10-19,5.25,FLC,5.3,5.3,5.21,3561460.0
2018-10-18,5.32,FLC,5.4,5.41,5.32,2952870.0
2018-10-17,5.41,FLC,5.49,5.5,5.4,3363430.0
2018-10-16,5.4,FLC,5.38,5.45,5.36,3373030.0
2018-10-15,5.37,FLC,5.5,5.5,5.37,5471210.0
2018-10-12,5.48,FLC,5.39,5.5,5.23,9774840.0
2018-10-11,5.39,FLC,5.46,5.58,5.39,2.232353E7
2018-10-10,5.79,FLC,5.78,5.81,5.74,8645450.0
2018-10-09,5.73,FLC,6.0,6.01,5.72,2.184518E7
2018-10-08,6.04,FLC,6.06,6.1,6.03,5494020.0
2018-10-05,6.06,FLC,6.09,6.19,6.06,6990350.0
2018-10-04,6.09,FLC,6.15,6.15,6.08,4211780.0
2018-10-03,6.09,FLC,6.07,6.17,6.07,4532830.0
2018-10-02,6.07,FLC,6.09,6.13,6.06,6488090.0
2018-10-01,6.09,FLC,6.23,6.24,6.08,1.112558E7
2018-09-28,6.19,FLC,6.2,6.26,6.17,7022640.0
2018-09-27,6.17,FLC,6.2,6.24,6.17,6149140.0
2018-09-26,6.18,FLC,6.37,6.38,6.18,9196870.0
2018-09-25,6.35,FLC,6.07,6.44,6.05,1.959783E7
2018-09-24,6.05,FLC,6.04,6.09,6.04,4493670.0
2018-09-21,6.04,FLC,6.08,6.1,6.01,8796490.0
2018-09-20,6.05,FLC,6.08,6.1,6.05,5485940.0
2018-09-19,6.07,FLC,6.1,6.13,6.06,5949780.0
2018-09-18,6.06,FLC,6.02,6.1,6.02,5031600.0
2018-09-17,6.05,FLC,6.12,6.12,6.05,6871330.0
2018-09-14,6.12,FLC,6.15,6.18,6.12,5094040.0
2018-09-13,6.14,FLC,6.22,6.27,6.14,4641280.0
2018-09-12,6.18,FLC,6.14,6.29,6.13,7857050.0
2018-09-11,6.11,FLC,6.0,6.13,6.0,6784780.0
2018-09-10,6.01,FLC,6.15,6.18,6.01,8957860.0
2018-09-07,6.16,FLC,6.21,6.21,6.13,5540080.0
2018-09-06,6.15,FLC,6.13,6.23,6.11,8771410.0
2018-09-05,6.11,FLC,6.25,6.3,6.08,1.129325E7
2018-09-04,6.27,FLC,6.44,6.48,6.27,1.096475E7
2018-08-31,6.45,FLC,6.52,6.58,6.45,9154770.0
2018-08-30,6.55,FLC,6.45,6.6,6.45,8175240.0
2018-08-29,6.45,FLC,6.4,6.54,6.33,1.111174E7
2018-08-28,6.42,FLC,6.52,6.58,6.41,1.049147E7
2018-08-27,6.51,FLC,6.66,6.67,6.51,1.077823E7
2018-08-24,6.56,FLC,6.48,6.61,6.45,1.112871E7
2018-08-23,6.52,FLC,6.6,6.66,6.52,1.411617E7
2018-08-22,6.6,FLC,6.75,6.87,6.6,2.022667E7
2018-08-21,6.6,FLC,6.37,6.68,6.37,2.332786E7
2018-08-20,6.33,FLC,6.3,6.45,6.27,2.063608E7
2018-08-17,6.12,FLC,6.22,6.23,6.12,6113980.0
2018-08-16,6.14,FLC,6.08,6.25,6.08,9399870.0
2018-08-15,6.11,FLC,6.09,6.33,6.02,1.130993E7
2018-08-14,6.09,FLC,6.18,6.18,6.09,7637000.0
2018-08-13,6.18,FLC,6.05,6.23,5.98,1.044275E7
2018-08-10,6.07,FLC,6.08,6.12,5.95,9700340.0
2018-08-09,6.08,FLC,6.16,6.19,6.08,1.033907E7
2018-08-08,6.09,FLC,6.23,6.3,6.08,1.514629E7
2018-08-07,6.23,FLC,6.4,6.48,6.23,1.353036E7
2018-08-06,6.4,FLC,6.15,6.4,6.13,1.542468E7
2018-08-03,6.04,FLC,6.28,6.28,6.03,1.364043E7
2018-08-02,6.12,FLC,6.3,6.4,5.95,2.768958E7
2018-08-01,6.35,FLC,6.6,6.7,6.32,2.223868E7
2018-07-31,6.54,FLC,6.5,6.74,6.36,3.160021E7
2018-07-30,6.52,FLC,6.25,6.52,6.21,2.937063E7
2018-07-27,6.1,FLC,5.89,6.12,5.85,1.548124E7
2018-07-26,5.75,FLC,6.1,6.19,5.75,2.494022E7
2018-07-25,5.98,FLC,5.62,5.98,5.6,2.684885E7
2018-07-24,5.59,FLC,5.5,5.64,5.47,1.298798E7
2018-07-23,5.56,FLC,5.6,5.74,5.55,1.807876E7
2018-07-20,5.41,FLC,5.08,5.41,5.08,1.928331E7
2018-07-19,5.06,FLC,5.13,5.18,5.06,6298130.0
2018-07-18,5.13,FLC,5.07,5.18,5.03,9777500.0
2018-07-17,5.07,FLC,5.1,5.17,5.06,7595150.0
2018-07-16,5.1,FLC,5.13,5.19,5.06,9311470.0
2018-07-13,4.99,FLC,4.9,5.1,4.85,1.041526E7
2018-07-12,4.8,FLC,4.79,4.91,4.78,5171700.0
2018-07-11,4.76,FLC,4.95,5.15,4.76,1.157904E7
2018-07-10,4.85,FLC,4.7,4.86,4.7,7276750.0
2018-07-09,4.7,FLC,4.75,4.85,4.7,5316980.0
2018-07-06,4.7,FLC,4.52,4.73,4.48,5167750.0
2018-07-05,4.56,FLC,4.67,4.74,4.5,6992770.0
2018-07-04,4.66,FLC,4.65,4.72,4.49,4947080.0
2018-07-03,4.6,FLC,4.8,4.86,4.6,8290720.0
2018-07-02,4.78,FLC,5.0,5.01,4.78,1.257058E7
2018-06-29,5.06,FLC,5.0,5.13,5.0,5040480.0
2018-06-28,5.05,FLC,5.21,5.28,5.05,9340090.0
2018-06-27,5.32,FLC,5.64,5.7,5.32,2.098275E7
2018-06-26,5.55,FLC,5.25,5.6,5.15,1.836785E7
2018-06-25,5.25,FLC,5.1,5.29,5.1,1.157633E7
2018-06-22,5.0,FLC,4.81,5.0,4.78,7071550.0
2018-06-21,4.76,FLC,4.75,4.99,4.71,4182210.0
2018-06-20,4.69,FLC,4.69,4.76,4.62,4713750.0
2018-06-19,4.62,FLC,4.85,4.9,4.6,6522780.0
2018-06-18,4.9,FLC,4.95,5.06,4.9,5397660.0
2018-06-15,4.95,FLC,4.98,4.99,4.94,5612880.0
2018-06-14,4.97,FLC,5.03,5.05,4.97,3376360.0
2018-06-13,5.0,FLC,5.0,5.11,5.0,2909190.0
2018-06-12,4.99,FLC,5.12,5.12,4.95,5970250.0
2018-06-11,5.08,FLC,5.0,5.13,4.98,5320640.0
2018-06-08,5.05,FLC,5.11,5.12,5.02,3641520.0
2018-06-07,5.11,FLC,5.12,5.2,5.11,3248500.0
2018-06-06,5.11,FLC,5.22,5.22,5.05,4120580.0
2018-06-05,5.18,FLC,4.95,5.23,4.91,7175680.0
2018-06-04,4.92,FLC,4.83,4.93,4.83,3595980.0
2018-06-01,4.83,FLC,4.73,4.96,4.72,3800480.0
2018-05-31,4.72,FLC,4.64,4.74,4.64,2824200.0
2018-05-30,4.7,FLC,4.83,4.83,4.68,2533020.0
2018-05-29,4.84,FLC,4.56,4.84,4.52,5413000.0
2018-05-28,4.53,FLC,4.88,4.88,4.53,9566410.0
2018-05-25,4.87,FLC,5.01,5.04,4.87,3810170.0
2018-05-24,5.04,FLC,5.12,5.13,5.04,2391000.0
2018-05-23,5.1,FLC,5.07,5.11,5.05,3497360.0
2018-05-22,5.08,FLC,5.27,5.29,5.05,7004380.0
2018-05-21,5.29,FLC,5.32,5.34,5.29,2274080.0
2018-05-18,5.32,FLC,5.35,5.38,5.28,4076180.0
2018-05-17,5.32,FLC,5.35,5.39,5.32,2881310.0
2018-05-16,5.31,FLC,5.3,5.4,5.28,4303840.0
2018-05-15,5.28,FLC,5.31,5.32,5.28,2159620.0
2018-05-14,5.28,FLC,5.33,5.34,5.28,1755550.0
2018-05-11,5.31,FLC,5.26,5.31,5.24,3970500.0
2018-05-10,5.26,FLC,5.38,5.39,5.26,5606960.0
2018-05-09,5.38,FLC,5.45,5.53,5.38,3188620.0
2018-05-08,5.45,FLC,5.37,5.5,5.35,4543900.0
2018-05-07,5.37,FLC,5.35,5.39,5.27,3099350.0
2018-05-04,5.29,FLC,5.26,5.31,5.21,3002690.0
2018-05-03,5.21,FLC,5.36,5.36,5.21,5616970.0
2018-05-02,5.35,FLC,5.46,5.47,5.35,4317640.0
2018-04-27,5.42,FLC,5.35,5.52,5.34,4374460.0
2018-04-26,5.35,FLC,5.56,5.56,5.3,5654570.0
2018-04-24,5.5,FLC,5.5,5.55,5.44,4793580.0
2018-04-23,5.5,FLC,5.75,5.85,5.5,7396590.0
2018-04-20,5.75,FLC,5.79,5.82,5.75,6563560.0
2018-04-19,5.78,FLC,5.9,5.92,5.75,5321040.0
2018-04-18,5.85,FLC,5.85,6.04,5.79,7893870.0
2018-04-17,5.82,FLC,5.85,5.94,5.8,5046160.0
2018-04-16,5.81,FLC,5.8,5.82,5.7,3753770.0
2018-04-13,5.78,FLC,5.8,5.86,5.76,5207010.0
2018-04-12,5.77,FLC,5.75,5.9,5.73,7220840.0
2018-04-11,5.8,FLC,6.0,6.06,5.77,1.09105E7
2018-04-10,6.0,FLC,6.19,6.19,5.97,1.130074E7
2018-04-09,6.11,FLC,6.18,6.26,6.1,7598150.0
2018-04-06,6.11,FLC,6.24,6.27,6.11,1.181847E7
2018-04-05,6.24,FLC,6.34,6.34,6.23,6951140.0
2018-04-04,6.27,FLC,6.3,6.37,6.26,6250850.0
2018-04-03,6.26,FLC,6.38,6.42,6.26,9485990.0
2018-04-02,6.4,FLC,6.3,6.47,6.28,1.020745E7
2018-03-30,6.25,FLC,6.27,6.35,6.23,8151950.0
2018-03-29,6.26,FLC,6.45,6.52,6.26,1.396708E7
2018-03-28,6.45,FLC,6.66,6.84,6.45,2.08711E7
2018-03-27,6.58,FLC,6.58,6.58,6.44,3.71975E7
2018-03-26,6.15,FLC,6.1,6.25,6.1,8411310.0
2018-03-23,6.05,FLC,6.1,6.1,6.03,1.296364E7
2018-03-22,6.17,FLC,6.1,6.23,6.1,1.587939E7
2018-03-21,6.07,FLC,6.04,6.17,6.04,8427250.0
2018-03-20,6.03,FLC,6.08,6.09,6.02,7551830.0
2018-03-19,6.09,FLC,6.15,6.3,6.08,1.4606E7
2018-03-16,6.01,FLC,6.05,6.15,6.01,9393740.0
2018-03-15,5.99,FLC,5.88,6.06,5.85,8877110.0
2018-03-14,5.87,FLC,5.79,5.93,5.77,9504720.0
2018-03-13,5.8,FLC,5.82,5.84,5.79,6382400.0
2018-03-12,5.83,FLC,5.82,5.98,5.82,6310430.0
2018-03-09,5.82,FLC,5.9,5.95,5.79,8558750.0
2018-03-08,5.91,FLC,6.05,6.23,5.91,1.185902E7
2018-03-07,5.99,FLC,5.7,5.99,5.68,2.436929E7
2018-03-06,5.6,FLC,5.55,5.67,5.5,3909960.0
2018-03-05,5.59,FLC,5.5,5.7,5.5,4301590.0
2018-03-02,5.49,FLC,5.54,5.54,5.47,3855430.0
2018-03-01,5.54,FLC,5.55,5.58,5.49,4226820.0
2018-02-28,5.59,FLC,5.67,5.67,5.58,5565800.0
2018-02-27,5.67,FLC,5.7,5.73,5.62,4669250.0
2018-02-26,5.69,FLC,5.81,5.82,5.59,1.04618E7
2018-02-23,5.83,FLC,5.9,5.92,5.82,3353330.0
2018-02-22,5.83,FLC,5.98,5.98,5.83,4963300.0
2018-02-21,5.98,FLC,5.95,6.04,5.95,6114810.0
2018-02-13,5.8,FLC,5.79,5.84,5.75,4493740.0
2018-02-12,5.61,FLC,5.41,5.63,5.41,2942210.0
2018-02-09,5.41,FLC,5.3,5.45,5.29,6354310.0
2018-02-08,5.63,FLC,5.67,5.78,5.63,6583700.0
2018-02-07,5.63,FLC,5.55,5.63,5.52,8423370.0
2018-02-06,5.27,FLC,5.27,5.41,5.27,1.394436E7
2018-02-05,5.66,FLC,6.04,6.05,5.66,7300120.0
2018-02-02,6.08,FLC,6.15,6.15,6.01,5294060.0
2018-02-01,6.15,FLC,6.25,6.36,6.15,7649940.0
2018-01-31,6.9,FLC,7.0,7.07,6.9,1.139043E7
2018-01-30,6.97,FLC,6.8,7.08,6.8,8249710.0
2018-01-29,6.78,FLC,6.84,6.91,6.78,4793770.0
2018-01-26,6.82,FLC,6.97,6.97,6.82,5164170.0
2018-01-25,6.83,FLC,7.0,7.0,6.8,1.095035E7
2018-01-22,7.02,FLC,7.02,7.06,7.0,7790340.0
2018-01-19,6.98,FLC,7.05,7.1,6.98,7765750.0
2018-01-18,7.0,FLC,6.97,7.05,6.95,7272000.0
2018-01-17,7.0,FLC,7.17,7.17,7.0,1.188162E7
2018-01-16,7.1,FLC,7.02,7.1,6.99,1.07283E7
2018-01-15,7.04,FLC,7.16,7.18,7.04,8480700.0
2018-01-12,7.15,FLC,7.21,7.21,7.13,1.221658E7
2018-01-11,7.14,FLC,7.1,7.23,7.03,1.679701E7
2018-01-10,7.03,FLC,7.09,7.14,7.01,1.277028E7
2018-01-09,6.9,FLC,6.8,6.94,6.78,1.405725E7
2018-01-08,6.79,FLC,6.8,6.83,6.78,7192860.0
2018-01-05,6.8,FLC,6.84,6.85,6.77,7928010.0
2018-01-04,6.83,FLC,6.8,6.86,6.79,1.157316E7
2018-01-03,6.8,FLC,6.95,7.0,6.79,1.586711E7
2018-01-02,6.93,FLC,6.98,7.02,6.93,6081800.0
2017-12-29,6.98,FLC,6.97,7.03,6.95,1.461738E7
2017-12-28,6.97,FLC,7.0,7.02,6.95,6342680.0
2017-12-27,6.96,FLC,6.98,7.03,6.94,1.42066E7
2017-12-26,6.95,FLC,7.0,7.04,6.95,5390800.0
2017-12-25,7.0,FLC,7.03,7.12,7.0,5664480.0
2017-12-22,7.0,FLC,7.0,7.12,6.95,7419980.0
2017-12-21,6.95,FLC,7.03,7.05,6.95,5592630.0
2017-12-20,7.03,FLC,7.0,7.06,6.9,8183090.0
2017-12-19,7.0,FLC,7.2,7.26,6.99,2.266163E7
2017-12-18,7.2,FLC,7.3,7.54,7.2,6.583191E7
2017-12-15,7.3,FLC,7.22,7.41,7.14,2.96795E7
2017-12-14,7.2,FLC,6.92,7.22,6.89,1.94922E7
2017-12-13,6.96,FLC,6.91,6.99,6.85,7354910.0
2017-12-12,6.93,FLC,6.89,6.95,6.65,2.467625E7
2017-12-11,6.9,FLC,6.8,6.93,6.74,2.223469E7
2017-12-08,6.88,FLC,6.83,6.91,6.81,5788880.0
2017-12-07,6.82,FLC,6.8,6.88,6.79,7566360.0
2017-12-06,6.8,FLC,6.9,7.04,6.69,3.27674E7
2017-12-05,6.85,FLC,7.05,7.13,6.85,1.807443E7
2017-12-04,7.05,FLC,7.26,7.42,7.05,4.049564E7
2017-12-01,7.29,FLC,7.26,7.29,6.99,4.170491E7
2017-11-30,7.26,FLC,7.35,7.36,6.98,3.754644E7
2017-11-29,7.23,FLC,7.02,7.24,6.93,2.459346E7
2017-11-28,7.02,FLC,7.12,7.23,6.97,1.443559E7
2017-11-27,7.11,FLC,6.8,7.13,6.8,2.320946E7
2017-11-24,6.78,FLC,6.89,6.97,6.64,2.279074E7
2017-11-23,6.85,FLC,6.8,7.02,6.67,2.605163E7
2017-11-22,6.77,FLC,6.5,6.77,6.48,1.742158E7
2017-11-21,6.5,FLC,6.39,6.61,6.35,1.971595E7
2017-11-20,6.31,FLC,6.31,6.5,6.26,9772830.0
2017-11-17,6.26,FLC,6.29,6.35,6.17,9129480.0
2017-11-16,6.23,FLC,6.1,6.26,6.1,7287810.0
2017-11-15,6.11,FLC,6.07,6.16,6.07,5799880.0
2017-11-14,6.07,FLC,6.07,6.16,6.01,7181740.0
2017-11-13,6.02,FLC,5.99,6.26,5.99,3.854583E7
2017-11-10,6.44,FLC,6.38,6.49,6.36,6990440.0
2017-11-09,6.4,FLC,6.49,6.55,6.39,8447020.0
2017-11-08,6.48,FLC,6.5,6.64,6.45,7080170.0
2017-11-07,6.55,FLC,6.68,6.84,6.45,1.706489E7
2017-11-06,6.61,FLC,6.39,6.63,6.36,8670540.0
2017-11-03,6.32,FLC,6.32,6.38,6.14,1.482488E7
2017-11-02,6.32,FLC,6.5,6.6,6.32,7446830.0
2017-11-01,6.4,FLC,6.47,6.6,6.36,1.17123E7
2017-10-31,6.34,FLC,6.64,6.68,6.32,2.072683E7
2017-10-30,6.7,FLC,6.9,6.98,6.7,1.282159E7
2017-10-27,6.9,FLC,6.7,6.99,6.7,1.061891E7
2017-10-26,6.78,FLC,7.1,7.15,6.74,3.837023E7
2017-10-25,7.11,FLC,7.22,7.22,7.11,9129400.0
2017-10-24,7.14,FLC,7.1,7.26,7.07,2.551515E7
2017-10-23,7.05,FLC,7.2,7.44,6.99,4.801973E7
2017-10-20,7.35,FLC,7.6,7.68,7.2,2.95611E7
2017-10-19,7.62,FLC,7.55,7.68,7.47,8782950.0
2017-10-18,7.46,FLC,7.6,7.66,7.45,1.27842E7
2017-10-17,7.6,FLC,7.89,8.06,7.6,1.751644E7
2017-10-16,7.88,FLC,7.94,8.05,7.83,1.593648E7
2017-10-13,7.73,FLC,7.72,7.82,7.59,2.041233E7
2017-10-12,7.7,FLC,7.61,7.74,7.58,1.342702E7
2017-10-11,7.6,FLC,7.63,7.68,7.53,9063880.0
2017-10-10,7.55,FLC,7.58,7.74,7.5,9647010.0
2017-10-09,7.5,FLC,7.37,7.7,7.34,1.343271E7
2017-10-06,7.39,FLC,7.4,7.44,7.36,5276340.0
2017-10-05,7.39,FLC,7.39,7.51,7.37,7350240.0
2017-10-04,7.38,FLC,7.18,7.39,7.18,5660730.0
2017-10-03,7.2,FLC,7.26,7.3,7.11,1.304756E7
2017-10-02,7.26,FLC,7.34,7.39,7.26,7522560.0
2017-09-29,7.36,FLC,7.4,7.4,7.31,7388500.0
2017-09-28,7.37,FLC,7.41,7.46,7.36,8951560.0
2017-09-27,7.41,FLC,7.41,7.5,7.37,7407990.0
2017-09-26,7.41,FLC,7.45,7.47,7.38,1.229354E7
2017-09-25,7.47,FLC,7.56,7.6,7.47,1.116096E7
2017-09-22,7.57,FLC,7.71,7.73,7.57,1.499235E7
2017-09-21,7.73,FLC,7.75,7.84,7.72,1.134286E7
2017-09-20,7.67,FLC,7.69,7.75,7.65,9484650.0
2017-09-19,7.66,FLC,7.76,7.93,7.65,1.912669E7
2017-09-18,7.7,FLC,7.59,7.78,7.53,1.196982E7
2017-09-15,7.52,FLC,7.58,7.58,7.49,1.581622E7
2017-09-14,7.55,FLC,7.5,7.64,7.49,1.551759E7
2017-09-13,7.51,FLC,7.4,7.53,7.4,7109820.0
2017-09-12,7.4,FLC,7.41,7.52,7.34,8523280.0
2017-09-11,7.33,FLC,7.5,7.5,7.31,1.77663E7
2017-09-08,7.57,FLC,7.48,7.65,7.48,1.354235E7
2017-09-07,7.48,FLC,7.4,7.55,7.4,8849100.0
2017-09-06,7.42,FLC,7.3,7.59,7.25,1.545969E7
2017-09-05,7.37,FLC,7.68,7.69,7.35,2.434206E7
2017-09-01,7.71,FLC,7.65,7.79,7.55,1.306946E7
2017-08-31,7.6,FLC,7.93,8.1,7.47,3.428926E7
2017-08-30,7.93,FLC,7.93,8.4,7.93,5.792772E7
2017-08-29,8.52,FLC,9.0,9.29,8.52,6.012956E7
2017-08-28,9.16,FLC,8.8,9.16,8.55,6.043444E7
2017-08-25,8.57,FLC,8.2,8.57,8.1,5.378796E7
2017-08-24,8.01,FLC,7.5,8.01,7.49,7.25945E7
2017-08-23,7.49,FLC,7.16,7.5,7.1,3.915623E7
2017-08-22,7.17,FLC,7.19,7.21,7.08,1.672923E7
2017-08-21,7.14,FLC,7.17,7.21,7.08,2.320926E7
2017-08-18,7.11,FLC,7.01,7.15,7.01,6754200.0
2017-08-17,7.08,FLC,7.15,7.19,7.07,6077550.0
2017-08-16,7.15,FLC,7.17,7.2,7.12,4602330.0
2017-08-15,7.14,FLC,7.21,7.22,7.13,5283730.0
2017-08-14,7.19,FLC,7.15,7.22,7.14,3602530.0
2017-08-11,7.15,FLC,7.17,7.19,7.13,5357480.0
2017-08-10,7.18,FLC,7.21,7.32,7.1,9288900.0
2017-08-09,7.23,FLC,7.4,7.44,7.21,1.07913E7
2017-08-08,7.35,FLC,7.35,7.48,7.33,1.155964E7
2017-08-07,7.3,FLC,7.2,7.38,7.18,7909860.0
2017-08-04,7.2,FLC,7.2,7.25,7.17,5432040.0
2017-08-03,7.18,FLC,7.15,7.24,7.15,4712500.0
2017-08-02,7.15,FLC,7.17,7.21,7.12,4337570.0
2017-08-01,7.2,FLC,7.12,7.25,7.06,8505910.0
2017-07-31,7.14,FLC,7.48,7.48,7.07,3.586916E7
2017-07-28,7.4,FLC,7.4,7.55,7.39,5899000.0
2017-07-27,7.39,FLC,7.59,7.81,7.37,3.264952E7
2017-07-26,7.59,FLC,7.27,7.62,7.2,2.076882E7
2017-07-25,7.16,FLC,7.12,7.19,7.1,4506900.0
2017-07-24,7.1,FLC,7.02,7.16,7.02,1.257559E7
2017-07-21,7.24,FLC,7.35,7.44,7.24,8961910.0
2017-07-20,7.32,FLC,7.7,7.7,7.3,1.534021E7
2017-07-19,7.7,FLC,7.29,7.7,7.27,3.092956E7
2017-07-18,7.27,FLC,7.3,7.38,7.25,8482950.0
2017-07-17,7.31,FLC,7.25,7.52,7.21,1.652799E7
2017-07-14,7.23,FLC,7.23,7.3,7.22,5506060.0
2017-07-13,7.23,FLC,7.14,7.47,7.14,1.679963E7
2017-07-12,7.1,FLC,7.13,7.17,7.09,4111260.0
2017-07-11,7.1,FLC,7.12,7.15,7.04,7360940.0
2017-07-10,7.11,FLC,7.15,7.25,7.11,8096790.0
2017-07-07,7.16,FLC,7.22,7.26,7.16,6827660.0
2017-07-06,7.2,FLC,7.3,7.31,7.19,7188500.0
2017-07-05,7.25,FLC,7.19,7.31,7.18,7823150.0
2017-07-04,7.19,FLC,7.22,7.24,7.18,4905990.0
2017-07-03,7.19,FLC,7.2,7.25,7.14,5846760.0
2017-06-30,7.17,FLC,7.2,7.24,7.16,6544370.0
2017-06-29,7.19,FLC,7.3,7.33,7.16,1.417574E7
2017-06-28,7.3,FLC,7.3,7.35,7.24,6294580.0
2017-06-27,7.27,FLC,7.7,7.78,7.2,2.555622E7
2017-06-26,7.68,FLC,7.25,7.68,7.18,3.326566E7
2017-06-23,7.18,FLC,7.12,7.27,7.05,8523420.0
2017-06-22,7.06,FLC,7.1,7.17,7.05,7209110.0
2017-06-21,7.1,FLC,7.14,7.19,7.05,6164370.0
2017-06-20,7.15,FLC,7.2,7.28,7.15,5095850.0
2017-06-19,7.15,FLC,7.24,7.24,7.12,4604280.0
2017-06-16,7.14,FLC,7.1,7.2,7.1,8285490.0
2017-06-15,7.12,FLC,7.23,7.24,7.08,8190240.0
2017-06-14,7.23,FLC,7.28,7.3,7.23,6160230.0
2017-06-13,7.28,FLC,7.3,7.34,7.28,5158280.0
2017-06-12,7.3,FLC,7.28,7.48,7.25,1.275593E7
2017-06-09,7.02,FLC,7.15,7.16,6.99,1.225654E7
2017-06-08,7.15,FLC,7.26,7.26,7.12,9912240.0
2017-06-07,7.26,FLC,7.3,7.34,7.26,6718550.0
2017-06-06,7.28,FLC,7.23,7.33,7.23,4447450.0
2017-06-05,7.23,FLC,7.24,7.32,7.21,5089490.0
2017-06-02,7.23,FLC,7.3,7.31,7.16,8615310.0
2017-06-01,7.28,FLC,7.35,7.4,7.27,4914780.0
2017-05-31,7.3,FLC,7.25,7.32,7.23,6967010.0
2017-05-30,7.25,FLC,7.4,7.45,7.25,9363400.0
2017-05-29,7.39,FLC,7.5,7.51,7.38,7620260.0
2017-05-26,7.38,FLC,7.38,7.44,7.36,6187480.0
2017-05-25,7.36,FLC,7.48,7.48,7.36,6489760.0
2017-05-24,7.35,FLC,7.17,7.45,7.12,1.225635E7
2017-05-23,7.25,FLC,7.64,7.65,7.25,2.38142E7
2017-05-22,7.7,FLC,8.03,8.1,7.7,2.201623E7
2017-05-19,7.97,FLC,7.73,8.03,7.67,1.509205E7
2017-05-18,7.74,FLC,7.84,7.9,7.74,1.635092E7
2017-05-17,7.92,FLC,8.0,8.08,7.91,1.278135E7
2017-05-16,8.0,FLC,8.2,8.3,8.0,3.232629E7
2017-05-15,7.78,FLC,7.39,7.78,7.32,2.615469E7
2017-05-12,7.28,FLC,7.26,7.38,7.2,5967130.0
2017-05-11,7.25,FLC,7.35,7.36,7.22,7305560.0
2017-05-10,7.34,FLC,7.36,7.43,7.34,8960650.0
2017-05-09,7.34,FLC,7.36,7.4,7.33,8610370.0
2017-05-08,7.36,FLC,7.39,7.45,7.34,8746100.0
2017-05-05,7.36,FLC,7.36,7.43,7.31,9056010.0
2017-05-04,7.37,FLC,7.2,7.49,7.2,1.123674E7
2017-05-03,7.15,FLC,7.29,7.29,7.1,1.123107E7
2017-04-28,7.33,FLC,7.51,7.51,7.28,1.964186E7
2017-04-27,7.52,FLC,7.55,7.56,7.51,1.538215E7
2017-04-26,7.52,FLC,7.5,7.56,7.47,1.291393E7
2017-04-25,7.5,FLC,7.5,7.58,7.44,1.16543E7
2017-04-24,7.5,FLC,7.83,7.83,7.5,1.174568E7
2017-04-21,7.64,FLC,7.59,7.77,7.55,1.917999E7
2017-04-20,7.52,FLC,7.41,7.58,7.33,1.205962E7
2017-04-19,7.49,FLC,7.78,7.8,7.49,1.943338E7
2017-04-18,7.8,FLC,7.53,7.8,7.46,2.177076E7
2017-04-17,7.55,FLC,7.62,7.86,7.55,1.613298E7
2017-04-14,7.58,FLC,7.26,7.65,7.0,2.757149E7
2017-04-13,7.31,FLC,7.56,7.6,7.21,2.839115E7
2017-04-12,7.56,FLC,8.0,8.09,7.55,3.070522E7
2017-04-11,8.0,FLC,8.26,8.28,7.96,2.670768E7
2017-04-10,8.16,FLC,8.27,8.29,8.16,1.009131E7
2017-04-07,8.13,FLC,8.28,8.28,8.1,1.510333E7
2017-04-05,8.24,FLC,8.39,8.46,8.23,3.071345E7
2017-04-04,8.41,FLC,8.44,8.45,8.28,1.933227E7
2017-04-03,8.34,FLC,8.24,8.42,8.19,1.702513E7
2017-03-31,8.16,FLC,7.91,8.18,7.84,4.622065E7
2017-03-30,8.13,FLC,8.24,8.28,8.11,1.293697E7
2017-03-29,8.21,FLC,8.4,8.41,8.2,1.506424E7
2017-03-28,8.39,FLC,8.45,8.53,8.32,1.564734E7
2017-03-27,8.3,FLC,8.2,8.43,8.18,2.761362E7
2017-03-24,8.15,FLC,8.27,8.35,8.04,2.35123E7
2017-03-23,8.2,FLC,8.24,8.44,8.16,2.262455E7
2017-03-22,8.24,FLC,8.5,8.74,8.23,5.419318E7
2017-03-21,8.24,FLC,7.75,8.24,7.74,3.58106E7
2017-03-20,7.71,FLC,7.78,7.84,7.71,1.174279E7
2017-03-17,7.65,FLC,7.78,7.9,7.57,2.191553E7
2017-03-16,7.62,FLC,7.59,7.69,7.48,2.058266E7
2017-03-15,7.67,FLC,7.72,7.85,7.66,1.504806E7
2017-03-14,7.7,FLC,7.55,7.79,7.54,1.704245E7
2017-03-13,7.68,FLC,7.95,7.96,7.67,1.598968E7
2017-03-10,7.95,FLC,7.74,8.04,7.68,4.252325E7
2017-03-09,7.65,FLC,8.29,8.31,7.65,3.2625E7
2017-03-08,8.18,FLC,8.0,8.29,7.88,4.364581E7
2017-03-07,7.89,FLC,7.6,7.89,7.6,4.244013E7
2017-03-06,7.38,FLC,7.1,7.38,7.0,1.760655E7
2017-03-03,6.9,FLC,7.17,7.34,6.84,3.128011E7
2017-03-02,7.2,FLC,7.79,7.89,7.2,4.288094E7
2017-03-01,7.7,FLC,8.05,8.35,7.7,4.538321E7
2017-02-28,8.17,FLC,8.2,8.48,8.17,2.620858E7
2017-02-27,8.1,FLC,7.65,8.13,7.4,2.828186E7
2017-02-24,7.8,FLC,7.58,7.97,7.55,4.442608E7
2017-02-23,7.45,FLC,7.09,7.45,7.05,3.447292E7
2017-02-22,7.0,FLC,6.93,7.04,6.73,2.720417E7
2017-02-21,6.84,FLC,6.82,7.12,6.77,2.741371E7
2017-02-20,6.68,FLC,6.34,6.68,6.3,2.411389E7
2017-02-17,6.25,FLC,6.17,6.29,6.12,1.48971E7
2017-02-16,6.11,FLC,6.07,6.43,6.06,1.925714E7
2017-02-15,6.04,FLC,6.05,6.08,5.99,9740530.0
2017-02-14,6.05,FLC,6.09,6.19,5.98,1.881215E7
2017-02-13,5.98,FLC,5.77,5.98,5.72,2.100756E7
2017-02-10,5.59,FLC,5.51,5.63,5.48,1.072391E7
2017-02-09,5.51,FLC,5.53,5.63,5.49,7771690.0
2017-02-08,5.51,FLC,5.61,5.68,5.47,1.612498E7
2017-02-07,5.68,FLC,5.7,5.84,5.68,1.269619E7
2017-02-06,5.75,FLC,5.6,5.84,5.53,1.495117E7
2017-02-03,5.51,FLC,5.16,5.51,5.16,1.879012E7
2017-02-02,5.15,FLC,5.18,5.18,5.11,4787610.0
2017-01-25,5.15,FLC,5.17,5.2,5.09,6142400.0
2017-01-24,5.14,FLC,5.09,5.19,5.05,6427980.0
2017-01-23,5.05,FLC,5.03,5.07,5.02,2790340.0
2017-01-20,4.99,FLC,4.96,5.08,4.93,3749750.0
2017-01-19,4.96,FLC,4.98,4.99,4.94,2501050.0
2017-01-18,4.98,FLC,4.96,5.02,4.96,1775220.0
2017-01-17,4.96,FLC,4.93,5.03,4.93,3871340.0
2017-01-16,4.95,FLC,5.09,5.09,4.95,4071360.0
2017-01-13,5.08,FLC,5.08,5.09,5.04,3834050.0
2017-01-12,5.08,FLC,5.1,5.13,5.06,3718480.0
2017-01-11,5.11,FLC,5.14,5.16,5.11,2012580.0
2017-01-10,5.14,FLC,5.12,5.17,5.09,3989240.0
2017-01-09,5.1,FLC,5.14,5.15,5.07,5412240.0
2017-01-06,5.14,FLC,5.12,5.18,5.12,3875490.0
2017-01-05,5.12,FLC,5.12,5.2,5.08,4960340.0
2017-01-04,5.13,FLC,5.23,5.23,5.12,4806460.0
2017-01-03,5.23,FLC,5.24,5.29,5.19,4809820.0
2016-12-30,5.2,FLC,5.15,5.23,5.12,5306050.0
2016-12-29,5.13,FLC,5.35,5.45,5.13,1.077755E7
2016-12-28,5.26,FLC,4.98,5.26,4.96,9440330.0
2016-12-27,4.92,FLC,4.91,5.0,4.9,3373190.0
2016-12-26,4.9,FLC,4.98,4.98,4.9,2885110.0
2016-12-23,4.9,FLC,4.93,4.97,4.85,2753870.0
2016-12-22,4.9,FLC,5.08,5.08,4.88,5377360.0
2016-12-21,5.06,FLC,5.1,5.13,5.06,2741130.0
2016-12-20,5.07,FLC,5.14,5.19,5.07,5534970.0
2016-12-19,5.17,FLC,5.03,5.2,5.03,4931920.0
2016-12-16,5.01,FLC,4.98,5.07,4.97,5243600.0
2016-12-15,4.98,FLC,5.15,5.19,4.97,7083210.0
2016-12-14,5.08,FLC,4.83,5.08,4.83,1.207116E7
2016-12-13,4.75,FLC,5.0,5.05,4.75,1.61701E7
2016-12-12,5.1,FLC,5.4,5.47,5.1,1.207601E7
2016-12-09,5.48,FLC,5.68,5.75,5.46,8236520.0
2016-12-08,5.68,FLC,5.9,5.95,5.68,1.01958E7
2016-12-07,5.62,FLC,5.15,5.62,5.13,1.162055E7
2016-12-06,5.26,FLC,5.68,5.69,5.26,1.233768E7
2016-12-05,5.65,FLC,5.52,5.67,5.52,8454860.0
2016-12-02,5.55,FLC,5.7,5.71,5.49,1.226666E7
2016-12-01,5.7,FLC,6.0,6.01,5.7,1.119525E7
2016-11-30,5.9,FLC,6.24,6.24,5.88,1.69409E7
2016-11-29,6.16,FLC,6.18,6.35,6.14,1.427232E7
2016-11-28,6.15,FLC,6.25,6.28,6.12,8583580.0
2016-11-25,6.22,FLC,6.55,6.61,6.22,1.938403E7
2016-11-24,6.52,FLC,6.84,6.88,6.47,1.881968E7
2016-11-23,6.84,FLC,6.81,6.94,6.81,8585700.0
2016-11-22,6.8,FLC,6.81,6.87,6.75,1.085603E7
2016-11-21,6.83,FLC,6.85,6.93,6.75,1.126436E7
2016-11-18,6.9,FLC,6.9,7.0,6.84,8146020.0
2016-11-17,6.87,FLC,7.05,7.09,6.82,1.713157E7
2016-11-16,7.05,FLC,7.19,7.23,7.05,1.389479E7
2016-11-15,7.1,FLC,7.05,7.18,7.03,1.213547E7
2016-11-14,7.01,FLC,7.0,7.25,6.92,2.573666E7
2016-11-11,7.0,FLC,6.9,7.18,6.83,2.353607E7
2016-11-10,6.74,FLC,6.49,6.74,6.45,1.570341E7
2016-11-09,6.3,FLC,6.6,6.62,6.17,2.135473E7
2016-11-08,6.62,FLC,6.65,6.68,6.59,6736320.0
2016-11-07,6.6,FLC,6.56,6.65,6.56,9716740.0
2016-11-04,6.56,FLC,6.63,6.85,6.48,1.133412E7
2016-11-03,6.63,FLC,6.83,6.93,6.63,1.782413E7
2016-11-02,7.02,FLC,6.85,7.1,6.77,4.291239E7
2016-11-01,7.02,FLC,6.66,7.1,6.65,2.208699E7
2016-10-31,6.71,FLC,6.9,6.9,6.71,3.02091E7
2016-10-28,6.45,FLC,6.1,6.45,6.03,1.493966E7
2016-10-27,6.03,FLC,6.1,6.14,6.03,5566640.0
2016-10-26,6.06,FLC,6.15,6.18,6.06,7498770.0
2016-10-25,6.12,FLC,6.13,6.3,6.06,1.118754E7
2016-10-24,6.18,FLC,6.35,6.38,6.18,9812330.0
2016-10-21,6.38,FLC,6.34,6.5,6.3,1.369023E7
2016-10-20,6.3,FLC,6.05,6.45,6.0,1.996146E7
2016-10-19,6.05,FLC,6.02,6.18,5.85,1.475979E7
2016-10-18,6.0,FLC,6.24,6.27,6.0,2.055708E7
2016-10-17,6.26,FLC,6.4,6.55,6.26,1.310131E7
2016-10-14,6.32,FLC,6.5,6.75,6.32,1.93014E7
2016-10-13,6.55,FLC,6.29,6.69,6.21,1.986125E7
2016-10-12,6.3,FLC,6.3,6.54,6.26,2.093484E7
2016-10-11,6.16,FLC,5.8,6.16,5.6,2.288285E7
2016-10-10,5.76,FLC,5.7,6.0,5.62,1.516528E7
2016-10-07,5.7,FLC,5.7,5.81,5.66,9422150.0
2016-10-06,5.8,FLC,5.7,5.85,5.62,2.039472E7
2016-10-05,5.47,FLC,5.13,5.47,5.13,1.618779E7
2016-10-04,5.12,FLC,5.37,5.38,5.1,6431770.0
2016-10-03,5.33,FLC,5.3,5.43,5.2,1.281004E7
2016-09-30,5.13,FLC,4.8,5.13,4.77,1.056263E7
2016-09-29,4.8,FLC,4.88,4.98,4.8,4345160.0
2016-09-28,4.79,FLC,4.9,4.91,4.67,9724440.0
2016-09-27,4.9,FLC,5.14,5.17,4.9,9372730.0
2016-09-26,5.17,FLC,5.18,5.28,5.14,5446730.0
2016-09-23,5.17,FLC,5.16,5.23,5.12,5923900.0
2016-09-22,5.26,FLC,5.25,5.44,5.2,9866830.0
2016-09-21,5.11,FLC,5.11,5.11,5.02,2.46767E7
2016-09-20,4.78,FLC,4.78,4.78,4.78,4304790.0
2016-09-19,4.47,FLC,4.4,4.47,4.2,8101250.0
2016-09-16,4.18,FLC,4.3,4.44,4.18,1.112209E7
2016-09-15,4.48,FLC,4.81,4.83,4.48,1.480216E7
2016-09-14,4.81,FLC,5.1,5.14,4.79,1.01716E7
2016-09-13,5.14,FLC,5.11,5.18,5.11,4425670.0
2016-09-12,5.11,FLC,5.3,5.39,5.1,3138970.0
2016-09-09,5.3,FLC,5.3,5.4,5.3,3651100.0
2016-09-08,5.3,FLC,5.3,5.5,5.3,8785790.0
2016-09-07,5.3,FLC,5.3,5.4,5.3,1406230.0
2016-09-06,5.3,FLC,5.5,5.5,5.3,2397170.0
2016-09-05,5.4,FLC,5.3,5.6,5.2,7092890.0
2016-09-01,5.3,FLC,5.5,5.5,5.3,3388310.0
2016-08-31,5.4,FLC,5.5,5.6,5.3,4507830.0
2016-08-30,5.5,FLC,5.5,5.6,5.4,3682150.0
2016-08-29,5.5,FLC,5.6,5.7,5.5,3406750.0
2016-08-26,5.6,FLC,5.7,5.7,5.5,4390370.0
2016-08-25,5.6,FLC,5.6,5.7,5.5,3414060.0
2016-08-24,5.6,FLC,5.7,5.8,5.6,2437250.0
2016-08-23,5.7,FLC,5.6,5.8,5.5,4378970.0
2016-08-22,5.6,FLC,5.6,5.7,5.5,3165060.0
2016-08-19,5.6,FLC,5.7,5.8,5.6,4083950.0
2016-08-18,5.6,FLC,5.7,5.8,5.6,2239800.0
2016-08-17,5.7,FLC,5.6,5.8,5.6,4959160.0
2016-08-16,5.6,FLC,5.7,5.8,5.6,2531500.0
2016-08-15,5.7,FLC,5.7,5.8,5.6,2178220.0
2016-08-12,5.7,FLC,5.9,5.9,5.6,3655850.0
2016-08-11,5.8,FLC,5.6,5.9,5.6,7606740.0
2016-08-10,5.7,FLC,5.6,5.7,5.6,2047870.0
2016-08-09,5.6,FLC,5.5,5.7,5.5,1878250.0
2016-08-08,5.5,FLC,5.6,5.7,5.5,4281870.0
2016-08-05,5.6,FLC,5.6,5.7,5.5,5940030.0
2016-08-04,5.7,FLC,5.8,5.9,5.7,4549810.0
2016-08-03,5.9,FLC,5.9,6.0,5.8,2196250.0
2016-08-02,6.0,FLC,5.9,6.0,5.8,8727460.0
2016-08-01,5.7,FLC,5.8,5.9,5.7,2732510.0
2016-07-29,5.7,FLC,5.7,5.9,5.7,2845640.0
2016-07-28,5.7,FLC,5.8,5.9,5.7,5183930.0
2016-07-27,5.8,FLC,6.0,6.1,5.8,9058440.0
2016-07-26,6.0,FLC,6.0,6.1,5.9,2532290.0
2016-07-25,6.0,FLC,6.0,6.1,6.0,2310030.0
2016-07-22,6.0,FLC,6.0,6.1,5.9,5429090.0
2016-07-21,6.0,FLC,6.1,6.2,6.0,6150300.0
2016-07-20,6.1,FLC,6.1,6.2,6.0,3630150.0
2016-07-19,6.1,FLC,6.2,6.3,6.0,5157830.0
2016-07-18,6.2,FLC,6.0,6.3,6.0,7137340.0
2016-07-15,6.0,FLC,6.0,6.1,5.9,2728820.0
2016-07-14,6.0,FLC,6.1,6.1,6.0,3594830.0
2016-07-13,6.0,FLC,6.0,6.1,5.9,3841930.0
2016-07-12,5.9,FLC,5.9,6.0,5.8,4951130.0
2016-07-11,5.9,FLC,6.1,6.1,5.9,5486740.0
2016-07-08,6.0,FLC,6.1,6.2,6.0,5886320.0
2016-07-07,6.1,FLC,6.0,6.2,6.0,6313850.0
2016-07-06,6.0,FLC,6.1,6.2,6.0,4442880.0
2016-07-05,6.1,FLC,6.2,6.3,6.0,7030380.0
2016-07-04,6.1,FLC,5.9,6.2,5.9,1.147675E7
2016-07-01,5.9,FLC,5.9,6.0,5.8,3814240.0
2016-06-30,5.9,FLC,5.9,6.1,5.8,4235360.0
2016-06-29,6.0,FLC,5.9,6.1,5.8,6802530.0
2016-06-28,5.9,FLC,5.8,5.9,5.7,3548910.0
2016-06-27,5.8,FLC,5.9,5.9,5.6,7852510.0
2016-06-24,5.9,FLC,6.2,6.3,5.8,1.937799E7
2016-06-23,6.2,FLC,6.1,6.3,6.1,6117520.0
2016-06-22,6.1,FLC,6.2,6.3,6.1,3676580.0
2016-06-21,6.2,FLC,6.2,6.3,6.1,6782990.0
2016-06-20,6.2,FLC,6.4,6.4,6.2,6225280.0
2016-06-17,6.3,FLC,6.5,6.5,6.3,9099330.0
2016-06-16,6.4,FLC,6.5,6.6,6.4,8661120.0
2016-06-15,6.4,FLC,6.5,6.6,6.4,4609300.0
2016-06-14,6.5,FLC,6.5,6.5,6.4,1398600.0
2016-06-13,6.5,FLC,6.5,6.6,6.4,5630490.0
2016-06-10,6.5,FLC,6.6,6.7,6.5,7973580.0
2016-06-09,6.6,FLC,6.6,6.7,6.5,5288570.0
2016-06-08,6.6,FLC,6.7,6.8,6.6,7579270.0
2016-06-07,6.7,FLC,6.6,6.8,6.5,1.074983E7
2016-06-06,6.5,FLC,6.6,6.7,6.5,2979440.0
2016-06-03,6.6,FLC,6.7,6.7,6.5,3643820.0
2016-06-02,6.6,FLC,6.5,6.7,6.4,7541450.0
2016-06-01,6.4,FLC,6.5,6.5,6.4,1436640.0
2016-05-31,6.5,FLC,6.5,6.6,6.4,3376950.0
2016-05-30,6.5,FLC,6.5,6.6,6.4,3472300.0
2016-05-27,6.4,FLC,6.4,6.5,6.4,1501610.0
2016-05-26,6.4,FLC,6.5,6.5,6.4,2057820.0
2016-05-25,6.5,FLC,6.6,6.7,6.5,2816890.0
2016-05-24,6.6,FLC,6.5,6.7,6.4,6409170.0
2016-05-23,6.5,FLC,6.6,6.6,6.4,2676860.0
2016-05-20,6.5,FLC,6.5,6.6,6.4,3133460.0
2016-05-19,6.5,FLC,6.6,6.7,6.4,5092890.0
2016-05-18,6.6,FLC,6.5,6.8,6.5,8111540.0
2016-05-17,6.5,FLC,6.4,6.7,6.4,5844520.0
2016-05-16,6.4,FLC,6.4,6.5,6.3,3207270.0
2016-05-13,6.4,FLC,6.4,6.6,6.3,5143460.0
2016-05-12,6.4,FLC,6.5,6.6,6.4,2733390.0
2016-05-11,6.5,FLC,6.4,6.6,6.4,3852770.0
2016-05-10,6.4,FLC,6.4,6.5,6.2,8649890.0
2016-05-09,6.4,FLC,6.6,6.7,6.4,7455270.0
2016-05-06,6.6,FLC,6.7,6.8,6.6,5515400.0
2016-05-05,6.7,FLC,6.9,7.0,6.7,6395920.0
2016-05-04,6.8,FLC,6.8,7.0,6.6,1.141097E7
2016-04-29,6.8,FLC,6.9,6.9,6.8,5257380.0
2016-04-28,6.9,FLC,7.0,7.0,6.8,4609630.0
2016-04-27,7.0,FLC,7.0,7.2,6.9,1.965851E7
2016-04-26,6.8,FLC,6.5,6.8,6.5,1.882935E7
2016-04-25,6.4,FLC,6.5,6.6,6.4,4951980.0
2016-04-22,6.5,FLC,6.4,6.5,6.3,6305120.0
2016-04-21,6.4,FLC,6.4,6.5,6.3,3270320.0
2016-04-20,6.4,FLC,6.4,6.5,6.3,4210490.0
2016-04-19,6.4,FLC,6.4,6.6,6.4,6092640.0
2016-04-15,6.5,FLC,6.5,6.6,6.4,5829610.0
2016-04-14,6.4,FLC,6.4,6.6,6.3,5124630.0
2016-04-13,6.4,FLC,6.5,6.5,6.3,4334280.0
2016-04-12,6.4,FLC,6.5,6.6,6.4,4405110.0
2016-04-11,6.5,FLC,6.4,6.7,6.4,9249730.0
2016-04-08,6.4,FLC,6.5,6.5,6.3,5121750.0
2016-04-07,6.5,FLC,6.6,6.6,6.4,4657930.0
2016-04-06,6.5,FLC,6.5,6.6,6.4,3227340.0
2016-04-05,6.5,FLC,6.4,6.6,6.3,7280800.0
2016-04-04,6.3,FLC,6.3,6.6,6.3,9226000.0
2016-04-01,6.3,FLC,6.5,6.5,6.2,7960920.0
2016-03-31,6.4,FLC,6.6,6.7,6.4,7884290.0
2016-03-30,6.6,FLC,6.6,6.7,6.5,6296140.0
2016-03-29,6.6,FLC,6.7,6.8,6.5,5907780.0
2016-03-28,6.7,FLC,6.6,6.8,6.5,6288730.0
2016-03-25,6.6,FLC,6.6,6.7,6.5,8313740.0
2016-03-24,6.6,FLC,6.8,6.8,6.6,1.256406E7
2016-03-23,6.8,FLC,6.7,6.9,6.7,1.185017E7
2016-03-22,6.7,FLC,6.8,6.9,6.6,8332640.0
2016-03-21,6.8,FLC,7.0,7.0,6.8,7975350.0
2016-03-18,7.0,FLC,7.0,7.1,6.9,6113550.0
2016-03-17,7.0,FLC,7.1,7.2,6.9,1.722084E7
2016-03-16,7.0,FLC,6.6,7.1,6.6,1.898452E7
2016-03-15,6.7,FLC,6.7,6.8,6.6,6897810.0
2016-03-14,6.8,FLC,6.8,6.8,6.6,5125660.0
2016-03-11,6.7,FLC,6.7,6.8,6.7,5125610.0
2016-03-10,6.7,FLC,6.6,6.8,6.6,4977130.0
2016-03-09,6.6,FLC,6.7,6.8,6.6,6642130.0
2016-03-08,6.6,FLC,6.7,6.8,6.6,5604290.0
2016-03-07,6.7,FLC,6.8,6.9,6.7,7585280.0
2016-03-04,6.7,FLC,6.6,6.9,6.6,8878980.0
2016-03-03,6.6,FLC,6.7,6.8,6.6,6773930.0
2016-03-02,6.7,FLC,6.8,6.8,6.6,8458520.0
2016-03-01,6.7,FLC,6.6,6.9,6.6,9091320.0
2016-02-29,6.7,FLC,6.7,6.8,6.6,6156100.0
2016-02-26,6.7,FLC,6.8,6.9,6.7,5621130.0
2016-02-25,6.7,FLC,6.9,7.0,6.7,9104230.0
2016-02-24,6.9,FLC,6.8,7.0,6.7,8736930.0
2016-02-23,6.8,FLC,7.1,7.2,6.8,1.208595E7
2016-02-22,7.1,FLC,6.9,7.2,6.8,1.463677E7
2016-02-19,6.9,FLC,6.9,7.0,6.8,9706450.0
2016-02-18,7.0,FLC,7.0,7.1,6.9,1.040485E7
2016-02-17,6.9,FLC,6.9,7.1,6.9,1.482522E7
2016-02-16,6.8,FLC,6.5,6.8,6.4,1.950737E7
2016-02-15,6.4,FLC,6.3,6.4,6.2,3639110.0
2016-02-05,6.4,FLC,6.3,6.5,6.2,5757080.0
2016-02-04,6.3,FLC,6.4,6.5,6.3,6742970.0
2016-02-03,6.3,FLC,6.2,6.5,6.0,6140210.0
2016-02-02,6.3,FLC,6.4,6.5,6.2,4851450.0
2016-02-01,6.4,FLC,6.6,6.6,6.4,7484790.0
2016-01-29,6.5,FLC,6.5,6.6,6.4,9291930.0
2016-01-28,6.4,FLC,6.5,6.7,6.3,1.000752E7
2016-01-27,6.5,FLC,6.4,6.7,6.4,1.358695E7
2016-01-26,6.3,FLC,6.3,6.6,6.2,1.682151E7
2016-01-25,6.5,FLC,6.3,6.5,6.2,1.807134E7
2016-01-22,6.1,FLC,5.9,6.2,5.4,2.004127E7
2016-01-21,5.8,FLC,6.0,6.2,5.8,2.314768E7
2016-01-20,6.2,FLC,6.5,6.6,6.2,2.078341E7
2016-01-19,6.6,FLC,6.4,6.6,6.3,1.897255E7
2016-01-18,6.3,FLC,6.4,6.5,6.3,1.904464E7
2016-01-15,6.7,FLC,7.1,7.2,6.6,2.831887E7
2016-01-14,7.0,FLC,7.4,7.4,7.0,3.082719E7
2016-01-13,7.5,FLC,7.9,8.0,7.4,2.97866E7
2016-01-12,7.9,FLC,7.5,8.0,7.4,1.097107E7
2016-01-11,7.5,FLC,7.4,7.6,7.3,1.009698E7
2016-01-08,7.4,FLC,7.5,7.6,7.4,1.07095E7
2016-01-07,7.6,FLC,7.8,7.9,7.5,1.008665E7
2016-01-06,8.0,FLC,7.7,8.0,7.6,8352470.0
2016-01-05,7.7,FLC,7.8,7.9,7.6,9098550.0
2016-01-04,7.9,FLC,7.9,8.1,7.8,5675150.0
2015-12-31,7.9,FLC,8.0,8.1,7.9,4687840.0
2015-12-30,8.0,FLC,8.1,8.2,7.9,4826700.0
2015-12-29,8.0,FLC,7.8,8.1,7.7,7254190.0
2015-12-28,7.8,FLC,7.9,8.0,7.8,5639340.0
2015-12-25,7.9,FLC,8.0,8.1,7.8,4841710.0
2015-12-24,8.0,FLC,8.1,8.1,7.9,4547240.0
2015-12-23,8.0,FLC,8.1,8.1,7.9,4267220.0
2015-12-22,8.0,FLC,8.2,8.3,8.0,5015030.0
2015-12-21,8.2,FLC,8.0,8.3,7.9,1.278896E7
2015-12-18,7.9,FLC,8.0,8.1,7.9,1.259659E7
2015-12-17,8.1,FLC,8.1,8.2,8.0,7156990.0
2015-12-16,8.0,FLC,8.3,8.3,8.0,4869930.0
2015-12-15,8.2,FLC,8.1,8.3,8.0,7781330.0
2015-12-14,8.0,FLC,7.6,8.1,7.6,1.19923E7
2015-12-11,7.7,FLC,7.6,7.9,7.6,8913210.0
2015-12-10,7.6,FLC,7.8,8.0,7.6,1.173227E7
2015-12-09,7.9,FLC,8.2,8.3,7.9,6578550.0
2015-12-08,8.2,FLC,7.9,8.3,7.8,1.090687E7
2015-12-07,8.0,FLC,8.2,8.3,8.0,5343100.0
2015-12-04,8.1,FLC,8.1,8.2,8.0,6842360.0
2015-12-03,8.2,FLC,8.3,8.4,8.2,5321220.0
2015-12-02,8.4,FLC,8.1,8.5,8.0,1.052638E7
2015-12-01,8.0,FLC,8.1,8.3,8.0,1.127846E7
2015-11-30,8.0,FLC,8.3,8.3,7.9,1.951157E7
2015-11-27,8.3,FLC,8.6,8.8,8.3,2.359599E7
2015-11-26,8.6,FLC,9.0,9.1,8.6,1.493698E7
2015-11-25,9.0,FLC,9.0,9.2,8.7,1.609484E7
2015-11-24,9.0,FLC,9.1,9.2,8.7,2.238358E7
2015-11-23,9.1,FLC,8.9,9.2,8.8,1.451518E7
2015-11-20,8.8,FLC,9.0,9.0,8.7,1.364622E7
2015-11-19,8.8,FLC,8.5,8.8,8.4,2.002796E7
2015-11-18,8.3,FLC,8.4,8.5,8.2,1.204494E7
2015-11-17,8.4,FLC,8.2,8.7,8.2,2.248854E7
2015-11-16,8.2,FLC,8.1,8.4,8.0,1.534509E7
2015-11-13,8.1,FLC,7.7,8.2,7.6,2.140876E7
2015-11-12,7.7,FLC,7.4,7.7,7.4,1.283654E7
2015-11-11,7.4,FLC,7.6,7.7,7.4,7157910.0
2015-11-10,7.6,FLC,7.6,7.9,7.5,2.314014E7
2015-11-09,7.4,FLC,7.2,7.4,7.2,1.652326E7
2015-11-06,7.0,FLC,7.0,7.2,7.0,6161840.0
2015-11-05,7.1,FLC,7.0,7.1,7.0,2312460.0
2015-11-04,7.1,FLC,7.2,7.3,7.0,3700530.0
2015-11-03,7.2,FLC,7.0,7.2,6.9,4752710.0
2015-11-02,7.0,FLC,7.1,7.2,6.9,7186890.0
2015-10-30,7.0,FLC,7.0,7.1,7.0,1515420.0
2015-10-29,7.0,FLC,7.0,7.1,6.9,2689700.0
2015-10-28,7.0,FLC,7.0,7.2,6.9,5371360.0
2015-10-27,6.9,FLC,7.0,7.1,6.9,2900280.0
2015-10-26,7.0,FLC,7.2,7.2,7.0,2674910.0
2015-10-23,7.1,FLC,7.1,7.3,7.0,4181040.0
2015-10-22,7.0,FLC,6.9,7.2,6.8,5448490.0
2015-10-21,6.9,FLC,7.0,7.1,6.9,5526580.0
2015-10-20,7.0,FLC,7.1,7.3,7.0,6935100.0
2015-10-19,7.2,FLC,7.2,7.3,7.1,3510460.0
2015-10-16,7.2,FLC,7.2,7.4,7.1,9649860.0
2015-10-15,7.1,FLC,7.1,7.2,7.0,4257200.0
2015-10-14,7.1,FLC,7.1,7.3,7.0,8435580.0
2015-10-13,7.1,FLC,7.2,7.3,7.0,9431920.0
2015-10-12,7.3,FLC,7.4,7.5,7.3,8064970.0
2015-10-09,7.3,FLC,7.2,7.4,7.1,1.508844E7
2015-10-08,7.1,FLC,6.7,7.1,6.6,1.279086E7
2015-10-07,6.7,FLC,6.9,6.9,6.6,5638100.0
2015-10-06,6.8,FLC,6.7,6.9,6.6,8402790.0
2015-10-05,6.5,FLC,6.4,6.6,6.3,4067300.0
2015-10-02,6.3,FLC,6.4,6.5,6.3,1464170.0
2015-10-01,6.4,FLC,6.5,6.5,6.3,2663040.0
2015-09-30,6.4,FLC,6.5,6.6,6.4,3133080.0
2015-09-29,6.5,FLC,6.5,6.6,6.3,5889770.0
2015-09-28,6.5,FLC,6.6,6.7,6.5,3087750.0
2015-09-25,6.6,FLC,6.7,6.7,6.6,1408450.0
2015-09-24,6.7,FLC,6.7,6.8,6.6,3489370.0
2015-09-23,6.7,FLC,6.7,6.8,6.6,2937090.0
2015-09-22,6.8,FLC,6.7,6.8,6.6,3910340.0
2015-09-21,6.7,FLC,6.6,6.7,6.6,1230770.0
2015-09-18,6.6,FLC,6.7,6.8,6.6,6300170.0
2015-09-17,6.5,FLC,6.5,6.6,6.4,2140780.0
2015-09-16,6.5,FLC,6.5,6.7,6.4,3045230.0
2015-09-15,6.4,FLC,6.5,6.6,6.4,3798600.0
2015-09-14,6.5,FLC,6.7,6.7,6.5,2895480.0
2015-09-11,6.6,FLC,6.6,6.8,6.5,4267160.0
2015-09-10,6.6,FLC,6.6,6.7,6.5,2699570.0
2015-09-09,6.6,FLC,6.8,6.9,6.6,4076860.0
2015-09-08,6.7,FLC,6.4,6.8,6.3,5692840.0
2015-09-07,6.4,FLC,6.6,6.7,6.4,4734020.0
2015-09-04,6.6,FLC,6.7,6.8,6.6,2204320.0
2015-09-03,6.7,FLC,6.7,6.9,6.6,4647420.0
2015-09-01,6.8,FLC,6.8,7.0,6.6,5761780.0
2015-08-31,6.7,FLC,6.9,7.0,6.7,7738420.0
2015-08-28,7.0,FLC,7.0,7.1,6.8,8474810.0
2015-08-27,6.9,FLC,6.7,6.9,6.7,1.47126E7
2015-08-26,6.5,FLC,6.3,6.5,6.2,1.163445E7
2015-08-25,6.1,FLC,6.1,6.4,6.0,1.151615E7
2015-08-24,6.4,FLC,6.7,6.7,6.4,1.204035E7
2015-08-21,6.8,FLC,7.2,7.3,6.7,1.736681E7
2015-08-20,7.2,FLC,7.4,7.5,7.2,7265680.0
2015-08-19,7.5,FLC,7.5,7.6,7.4,3867140.0
2015-08-18,7.6,FLC,7.6,7.7,7.5,2259950.0
2015-08-17,7.6,FLC,7.5,7.8,7.4,8391530.0
2015-08-14,7.4,FLC,7.5,7.6,7.3,5176550.0
2015-08-13,7.5,FLC,7.8,7.9,7.4,9446170.0
2015-08-12,7.8,FLC,7.9,8.0,7.7,6344020.0
2015-08-11,7.9,FLC,8.0,8.1,7.9,2360600.0
2015-08-10,8.0,FLC,8.1,8.2,7.9,3522260.0
2015-08-07,8.0,FLC,8.0,8.2,7.9,5034790.0
2015-08-06,7.9,FLC,8.1,8.2,7.9,4708760.0
2015-08-05,8.1,FLC,7.8,8.2,7.8,8611750.0
2015-08-04,7.8,FLC,7.8,7.9,7.7,3379080.0
2015-08-03,7.8,FLC,8.0,8.0,7.8,7260790.0
2015-07-31,8.0,FLC,8.1,8.2,8.0,4856310.0
2015-07-30,8.1,FLC,8.0,8.1,8.0,4161600.0
2015-07-29,8.0,FLC,7.8,8.2,7.8,1.078099E7
2015-07-28,7.8,FLC,8.1,8.2,7.8,6779520.0
2015-07-27,8.1,FLC,8.1,8.2,8.0,4476930.0
2015-07-24,8.0,FLC,8.1,8.2,8.0,6107640.0
2015-07-23,8.1,FLC,8.2,8.3,8.0,5124300.0
2015-07-22,8.2,FLC,8.1,8.3,8.1,5606710.0
2015-07-21,8.2,FLC,8.3,8.4,8.1,5573260.0
2015-07-20,8.2,FLC,8.4,8.5,8.2,5738970.0
2015-07-17,8.5,FLC,8.2,8.6,8.2,1.342266E7
2015-07-16,8.1,FLC,8.2,8.3,8.1,6087570.0
2015-07-15,8.2,FLC,8.4,8.4,8.2,8638820.0
2015-07-14,8.3,FLC,8.5,8.6,8.3,6770200.0
2015-07-13,8.4,FLC,8.4,8.6,8.4,7483830.0
2015-07-10,8.4,FLC,8.6,8.6,8.4,6381330.0
2015-07-09,8.5,FLC,8.5,8.6,8.4,8497000.0
2015-07-08,8.6,FLC,8.7,8.8,8.5,8250670.0
2015-07-07,8.7,FLC,8.6,8.8,8.5,1.13487E7
2015-07-06,8.6,FLC,8.6,8.7,8.5,8983610.0
2015-07-03,8.6,FLC,8.6,8.8,8.5,1.567567E7
2015-07-02,8.6,FLC,8.5,8.7,8.4,1.097015E7
2015-07-01,8.6,FLC,8.7,8.8,8.4,1.15405E7
2015-06-30,8.6,FLC,8.7,8.9,8.5,1.457883E7
2015-06-29,8.8,FLC,8.8,8.9,8.6,1.700146E7
2015-06-26,8.9,FLC,8.5,9.0,8.4,2.690766E7
2015-06-25,8.6,FLC,8.9,8.9,8.5,1.71536E7
2015-06-24,8.9,FLC,8.7,9.0,8.7,1.874731E7
2015-06-23,8.8,FLC,8.9,9.0,8.6,2.068794E7
2015-06-22,9.0,FLC,9.2,9.3,8.9,4.078656E7
2015-06-19,9.3,FLC,9.1,9.3,8.9,2.189609E7
2015-06-18,9.1,FLC,9.0,9.2,8.9,9090200.0
2015-06-17,9.0,FLC,9.1,9.2,8.9,1.993827E7
2015-06-16,9.1,FLC,9.4,9.5,9.1,3.25959E7
2015-06-15,9.5,FLC,9.5,9.6,9.3,2.800085E7
2015-06-12,9.5,FLC,9.6,9.7,9.2,2.623969E7
2015-06-11,9.6,FLC,9.4,9.7,9.2,2.523583E7
2015-06-10,9.4,FLC,9.1,9.5,9.0,1.587121E7
2015-06-09,9.1,FLC,9.3,9.4,9.1,1.528509E7
2015-06-08,9.3,FLC,9.1,9.6,9.0,2.979772E7
2015-06-05,9.0,FLC,9.0,9.1,8.8,1.009305E7
2015-06-04,9.0,FLC,9.0,9.2,9.0,5890720.0
2015-06-03,9.0,FLC,9.1,9.2,8.9,8790650.0
2015-06-02,9.1,FLC,9.1,9.2,8.8,1.538009E7
2015-06-01,9.0,FLC,9.1,9.2,8.9,1.306404E7
2015-05-29,9.2,FLC,9.6,9.6,9.1,1.473971E7
2015-05-28,9.5,FLC,9.0,9.5,9.0,2.557161E7
2015-05-27,8.9,FLC,8.9,8.9,8.6,1.904288E7
2015-05-26,10.0,FLC,10.2,10.3,10.0,2.00445E7
2015-05-25,10.2,FLC,10.3,10.4,10.0,1.465522E7
2015-05-22,10.4,FLC,10.3,10.5,9.9,1.460866E7
2015-05-21,10.4,FLC,10.4,10.7,10.0,2.195469E7
2015-05-20,10.0,FLC,9.8,10.0,9.6,1.048905E7
2015-05-19,9.4,FLC,9.3,9.4,9.1,6098680.0
2015-05-18,9.1,FLC,9.4,9.6,9.0,1.671338E7
2015-05-15,9.4,FLC,9.8,9.8,9.4,5147790.0
2015-05-14,9.8,FLC,9.8,10.0,9.7,4385460.0
2015-05-13,9.9,FLC,9.9,10.0,9.6,5170310.0
2015-05-12,10.0,FLC,9.8,10.0,9.5,6764700.0
2015-05-11,9.9,FLC,10.0,10.2,9.9,1.342309E7
2015-05-08,10.0,FLC,9.5,10.1,9.5,1.224646E7
2015-05-07,9.5,FLC,9.4,9.7,9.3,4549720.0
2015-05-06,9.5,FLC,9.9,10.1,9.5,7547960.0
2015-05-05,10.1,FLC,9.6,10.2,9.2,1.341935E7
2015-05-04,9.7,FLC,10.3,10.4,9.7,1.148242E7
2015-04-27,10.4,FLC,10.5,10.5,10.2,3139090.0
2015-04-24,10.4,FLC,10.5,10.6,10.4,1765410.0
2015-04-23,10.5,FLC,10.5,10.6,10.3,4527730.0
2015-04-22,10.5,FLC,10.7,10.7,10.5,4618610.0
2015-04-21,10.6,FLC,10.5,10.7,10.5,4266120.0
2015-04-20,10.5,FLC,10.7,10.7,10.5,3242050.0
2015-04-17,10.6,FLC,10.7,10.8,10.5,8062750.0
2015-04-16,10.6,FLC,10.6,10.7,10.5,5102660.0
2015-04-15,10.5,FLC,10.5,10.6,10.4,4302390.0
2015-04-14,10.5,FLC,10.7,10.7,10.5,2960590.0
2015-04-13,10.6,FLC,10.7,10.9,10.6,8492760.0
2015-04-10,10.6,FLC,10.5,10.9,10.5,6894170.0
2015-04-09,10.5,FLC,10.5,10.7,10.4,5135390.0
2015-04-08,10.5,FLC,10.8,10.8,10.4,7378670.0
2015-04-07,10.7,FLC,10.4,10.8,10.3,1.150616E7
2015-04-06,10.3,FLC,10.6,10.7,10.3,5313320.0
2015-04-03,10.6,FLC,10.6,10.8,10.5,1.264539E7
2015-04-02,10.6,FLC,10.6,10.8,10.1,1.353074E7
2015-04-01,10.5,FLC,11.1,11.2,10.5,2.444568E7
2015-03-31,11.2,FLC,11.0,11.4,11.0,1.503296E7
2015-03-30,11.0,FLC,11.5,11.6,10.9,1.230841E7
2015-03-27,11.4,FLC,11.7,11.7,11.3,8872810.0
2015-03-26,11.6,FLC,11.5,11.8,11.4,6277710.0
2015-03-25,11.6,FLC,11.7,11.9,11.5,1.349405E7
2015-03-24,11.8,FLC,11.7,11.8,11.4,9420780.0
2015-03-23,11.7,FLC,12.2,12.3,11.6,2.305883E7
2015-03-20,12.3,FLC,11.6,12.4,11.5,3.303308E7
2015-03-19,11.6,FLC,12.0,12.1,11.6,1.591903E7
2015-03-18,12.0,FLC,12.1,12.2,11.8,2.398788E7
2015-03-17,12.2,FLC,12.2,12.3,11.9,1.827711E7
2015-03-16,12.2,FLC,11.8,12.2,11.8,1.812985E7
2015-03-13,11.9,FLC,11.7,12.0,11.5,2.733669E7
2015-03-12,11.7,FLC,11.5,11.7,11.3,1.310298E7
2015-03-11,11.6,FLC,11.6,11.7,11.4,9823240.0
2015-03-10,11.6,FLC,11.0,11.7,11.0,3.081563E7
2015-03-09,11.1,FLC,11.2,11.3,10.9,1.056557E7
2015-03-06,11.2,FLC,11.3,11.4,11.1,7655950.0
2015-03-05,11.3,FLC,11.2,11.4,11.2,1.075711E7
2015-03-04,11.2,FLC,11.4,11.5,11.1,5979540.0
2015-03-03,11.3,FLC,11.1,11.4,11.1,9943840.0
2015-03-02,11.1,FLC,11.0,11.3,10.9,1.027654E7
2015-02-27,11.0,FLC,11.1,11.2,10.9,5399420.0
2015-02-26,11.1,FLC,11.0,11.2,10.8,8203910.0
2015-02-25,10.9,FLC,11.2,11.3,10.9,8630020.0
2015-02-24,11.3,FLC,11.3,11.4,10.9,1.166924E7
2015-02-13,11.3,FLC,11.0,11.3,10.9,7733920.0
2015-02-12,11.1,FLC,11.0,11.3,10.9,1.176107E7
2015-02-11,10.9,FLC,10.2,10.9,10.2,1.82686E7
2015-02-10,10.2,FLC,10.3,10.4,10.2,3839550.0
2015-02-09,10.4,FLC,10.4,10.5,10.1,8383500.0
2015-02-06,10.4,FLC,10.5,10.7,10.3,5451520.0
2015-02-05,10.6,FLC,10.6,10.7,10.4,6715210.0
2015-02-04,10.6,FLC,10.1,10.6,9.9,1.182675E7
2015-02-03,10.1,FLC,10.2,10.4,10.0,7091860.0
2015-02-02,10.2,FLC,10.4,10.5,10.2,4429250.0
2015-01-30,10.3,FLC,10.6,10.7,10.3,4500390.0
2015-01-29,10.7,FLC,10.3,10.7,10.2,8117540.0
2015-01-28,10.3,FLC,10.5,10.6,10.3,6634870.0
2015-01-27,10.5,FLC,10.7,10.8,10.4,9735310.0
2015-01-26,10.7,FLC,10.7,10.9,10.7,3553320.0
2015-01-23,10.7,FLC,10.7,10.9,10.6,6925060.0
2015-01-22,10.6,FLC,10.7,10.8,10.5,8071370.0
2015-01-21,10.7,FLC,10.8,11.0,10.7,6596380.0
2015-01-20,10.8,FLC,10.8,10.9,10.7,5764650.0
2015-01-19,10.8,FLC,11.1,11.2,10.8,7262630.0
2015-01-16,11.1,FLC,11.3,11.4,11.1,1.525861E7
2015-01-15,11.0,FLC,10.9,11.1,10.8,9944220.0
2015-01-14,10.7,FLC,10.7,10.9,10.5,7911440.0
2015-01-13,10.6,FLC,10.6,10.9,10.5,5923540.0
2015-01-12,10.7,FLC,11.0,11.1,10.7,7860660.0
2015-01-09,11.0,FLC,10.8,11.2,10.7,1.15768E7
2015-01-08,10.8,FLC,11.1,11.1,10.8,1.210348E7
2015-01-07,11.2,FLC,11.1,11.2,10.9,1.259564E7
2015-01-06,11.1,FLC,10.7,11.2,10.6,9160450.0
2015-01-05,11.0,FLC,10.9,11.1,10.5,1.881344E7
2014-12-31,10.9,FLC,10.3,10.9,10.3,1.362672E7
2014-12-30,10.3,FLC,9.9,10.4,9.6,7252440.0
2014-12-29,10.1,FLC,9.5,10.1,9.0,1.844614E7
2014-12-26,9.5,FLC,9.9,10.0,9.4,7322890.0
2014-12-25,9.9,FLC,10.2,10.2,9.8,6881000.0
2014-12-24,10.1,FLC,10.3,10.4,10.1,4002970.0
2014-12-23,10.2,FLC,10.5,10.6,10.1,7675100.0
2014-12-22,10.4,FLC,10.4,10.5,10.3,5821490.0
2014-12-19,10.1,FLC,10.7,11.0,10.1,1.628515E7
2014-12-18,10.7,FLC,10.3,10.7,10.3,1.303071E7
2014-12-17,10.0,FLC,10.6,10.7,9.8,1.7427E7
2014-12-16,10.5,FLC,10.9,10.9,10.5,1.016723E7
2014-12-15,10.9,FLC,11.0,11.1,10.9,7207560.0
2014-12-12,11.0,FLC,10.9,11.1,10.8,9713330.0
2014-12-11,11.0,FLC,11.0,11.2,10.9,6961120.0
2014-12-10,11.2,FLC,10.9,11.3,10.8,1.123992E7
2014-12-09,10.9,FLC,11.4,11.5,10.9,1.846063E7
2014-12-08,11.4,FLC,11.5,11.7,11.4,1.210282E7
2014-12-05,11.4,FLC,11.5,11.6,11.3,9222960.0
2014-12-04,11.5,FLC,11.6,11.6,11.4,1.134865E7
2014-12-03,11.5,FLC,11.6,11.7,11.5,1.217958E7
2014-12-02,11.5,FLC,11.6,11.7,11.3,1.745089E7
2014-12-01,11.5,FLC,11.8,11.9,11.4,2.704423E7
2014-11-28,11.7,FLC,12.0,12.1,11.7,1.946954E7
2014-11-27,12.0,FLC,12.0,12.0,11.4,1.806688E7
2014-11-26,11.6,FLC,12.3,12.4,11.5,2.903742E7
2014-11-25,12.2,FLC,12.3,12.5,12.1,1.39549E7
2014-11-24,12.3,FLC,12.4,12.7,12.3,1.900131E7
2014-11-21,12.8,FLC,13.4,13.7,12.7,3.31608E7
2014-11-20,13.1,FLC,12.4,13.1,12.4,5.035737E7
2014-11-19,12.3,FLC,12.0,12.3,11.8,3.011525E7
2014-11-18,12.0,FLC,12.2,12.3,12.0,1.870054E7
2014-11-17,12.3,FLC,12.0,12.3,11.8,1.511795E7
2014-11-14,12.0,FLC,11.9,12.0,11.6,2.606944E7
2014-11-13,11.9,FLC,12.4,12.5,11.9,2.113404E7
2014-11-12,12.4,FLC,12.2,12.4,12.0,1.743022E7
2014-11-11,12.2,FLC,12.0,12.4,11.8,2.346654E7
2014-11-10,12.0,FLC,11.8,12.1,11.7,1.891812E7
2014-11-07,11.7,FLC,11.2,11.7,11.0,2.280296E7
2014-11-06,11.1,FLC,11.2,11.3,11.1,5413220.0
2014-11-05,11.2,FLC,11.2,11.3,11.0,8482260.0
2014-11-04,11.2,FLC,11.2,11.3,11.1,5355150.0
2014-11-03,11.2,FLC,11.4,11.5,11.2,8341660.0
2014-10-31,11.2,FLC,11.2,11.4,11.0,1.234145E7
2014-10-30,11.2,FLC,11.3,11.4,11.1,6518600.0
2014-10-29,11.3,FLC,11.0,11.3,11.0,1.119875E7
2014-10-28,10.9,FLC,10.7,11.3,10.6,1.360143E7
2014-10-27,10.6,FLC,10.9,11.1,10.6,6420490.0
2014-10-24,11.0,FLC,11.3,11.4,10.9,5674540.0
2014-10-23,11.4,FLC,11.2,11.4,10.9,1.217818E7
2014-10-22,11.2,FLC,11.4,11.4,11.1,8995520.0
2014-10-21,11.3,FLC,11.2,11.5,11.2,6011350.0
2014-10-20,11.3,FLC,11.6,11.7,11.3,1.023521E7
2014-10-17,11.2,FLC,10.7,11.2,10.5,1.332226E7
2014-10-16,10.5,FLC,11.1,11.2,10.5,1.614338E7
2014-10-15,11.2,FLC,11.3,11.4,11.1,9126230.0
2014-10-14,11.3,FLC,11.6,11.7,11.3,8185360.0
2014-10-13,11.5,FLC,11.5,11.6,11.4,3875900.0
2014-10-10,11.5,FLC,11.7,11.8,11.5,1.262161E7
2014-10-09,11.8,FLC,11.9,11.9,11.7,1.059451E7
2014-10-08,11.8,FLC,12.0,12.0,11.8,8946790.0
2014-10-07,12.0,FLC,12.0,12.2,11.7,1.523212E7
2014-10-06,11.9,FLC,11.9,12.1,11.8,1.414226E7
2014-10-03,11.8,FLC,12.0,12.2,11.8,1.231876E7
2014-10-02,12.2,FLC,12.2,12.3,11.9,1.422651E7
2014-10-01,12.2,FLC,11.9,12.2,11.7,1.794717E7
2014-09-30,11.7,FLC,11.2,11.9,11.1,2.235905E7
2014-09-29,11.2,FLC,11.4,11.5,11.2,8284700.0
2014-09-26,11.4,FLC,11.7,11.8,11.4,1.153738E7
2014-09-25,11.6,FLC,11.6,11.7,11.2,1.50923E7
2014-09-24,11.5,FLC,11.7,11.7,11.5,8555780.0
2014-09-23,11.7,FLC,11.4,11.8,11.4,1.174832E7
2014-09-22,11.6,FLC,11.8,12.0,11.6,1.425434E7
2014-09-19,12.0,FLC,11.8,12.1,11.7,4.89702E7
2014-09-18,11.7,FLC,12.0,12.1,11.7,1.715955E7
2014-09-17,12.0,FLC,11.9,12.1,11.7,2.180805E7
2014-09-16,11.9,FLC,12.2,12.2,11.6,3.601393E7
2014-09-15,12.3,FLC,12.4,12.5,11.9,5.051606E7
2014-09-12,12.4,FLC,12.1,12.4,11.8,1.974326E7
2014-09-11,12.1,FLC,12.4,12.5,12.1,1.514377E7
2014-09-10,12.4,FLC,12.3,12.5,12.0,1.258502E7
2014-09-09,12.4,FLC,13.0,13.1,12.3,1.691283E7
2014-09-08,13.2,FLC,13.4,13.5,12.9,2.100079E7
2014-09-05,13.0,FLC,13.0,13.2,12.7,1.365591E7
2014-09-04,13.0,FLC,13.2,13.3,12.9,1.167465E7
2014-09-03,13.2,FLC,12.6,13.3,12.6,2.160463E7
2014-08-29,12.6,FLC,12.6,12.7,12.2,2.208743E7
2014-08-28,12.6,FLC,12.5,12.8,12.2,1.403939E7
2014-08-27,12.5,FLC,12.8,12.9,12.2,2.073458E7
2014-08-26,12.6,FLC,12.8,13.0,12.5,1.285535E7
2014-08-25,13.0,FLC,12.9,13.2,12.6,1.167985E7
2014-08-22,12.7,FLC,12.6,12.9,12.1,2.85235E7
2014-08-21,12.6,FLC,13.1,13.1,12.5,2.332074E7
2014-08-20,13.2,FLC,13.2,13.3,13.0,1.066558E7
2014-08-19,13.2,FLC,13.4,13.6,12.9,1.578423E7
2014-08-18,13.3,FLC,13.4,13.5,12.9,1.896588E7
2014-08-15,13.2,FLC,13.3,13.6,13.2,1.056925E7
2014-08-14,13.2,FLC,13.8,13.9,13.2,1.737601E7
2014-08-13,13.7,FLC,14.0,14.1,13.7,1.393618E7
2014-08-12,14.1,FLC,14.2,14.2,13.8,1.491716E7
2014-08-11,14.1,FLC,14.0,14.1,13.8,1.169956E7
2014-08-08,13.9,FLC,13.7,13.9,13.6,1.487317E7
2014-08-07,13.6,FLC,13.2,13.6,13.1,1.701076E7
2014-08-06,13.2,FLC,13.4,13.5,13.2,1.201193E7
2014-08-05,13.4,FLC,13.2,13.4,13.1,8515990.0
2014-08-04,13.1,FLC,13.4,13.4,13.0,1.568798E7
2014-08-01,13.3,FLC,13.1,13.3,12.9,1.303434E7
2014-07-31,13.1,FLC,12.9,13.3,12.9,8658570.0
2014-07-30,12.9,FLC,12.5,13.3,12.4,2.419582E7
2014-07-29,12.5,FLC,12.4,12.7,12.2,9962460.0
2014-07-28,12.5,FLC,12.5,12.6,12.1,1.145557E7
2014-07-25,12.6,FLC,12.7,12.8,12.3,1.340251E7
2014-07-24,12.5,FLC,12.4,12.5,12.2,2.270797E7
2014-07-23,11.7,FLC,11.7,11.7,11.7,1698950.0
2014-07-22,12.4,FLC,12.8,13.1,12.4,1.668695E7
2014-07-21,12.5,FLC,13.1,13.2,12.5,1.330758E7
2014-07-18,13.2,FLC,13.1,13.3,12.5,2.666505E7
2014-07-17,13.1,FLC,13.8,13.9,13.1,1.688683E7
2014-07-16,13.9,FLC,14.0,14.2,13.8,1.491191E7
2014-07-15,13.7,FLC,13.3,13.7,13.1,1.885956E7
2014-07-14,13.3,FLC,13.0,13.3,12.8,1.216711E7
2014-07-11,13.0,FLC,13.0,13.2,12.6,1.103593E7
2014-07-10,13.0,FLC,13.0,13.3,12.4,2.667813E7
2014-07-09,13.0,FLC,12.9,13.2,12.7,1.092329E7
2014-07-08,12.8,FLC,12.5,12.8,12.3,9437080.0
2014-07-07,12.6,FLC,12.3,12.7,12.1,1.396335E7
2014-07-04,12.2,FLC,12.1,12.3,11.8,1.658985E7
2014-07-03,12.3,FLC,12.0,12.4,11.9,1.094577E7
2014-07-02,11.9,FLC,11.5,12.0,11.4,1.132693E7
2014-07-01,11.4,FLC,11.2,11.8,11.1,1.92089E7
2014-06-30,11.3,FLC,11.2,11.4,11.0,6414750.0
2014-06-27,11.1,FLC,11.6,11.6,11.1,7476620.0
2014-06-26,11.4,FLC,10.8,11.4,10.8,2.233094E7
2014-06-25,10.7,FLC,10.8,11.0,10.7,7162090.0
2014-06-24,10.8,FLC,10.5,10.8,10.4,8858810.0
2014-06-23,10.5,FLC,10.5,10.7,10.4,4269810.0
2014-06-20,10.6,FLC,10.9,11.0,10.6,5394010.0
2014-06-19,10.8,FLC,10.6,11.0,10.3,1.294818E7
2014-06-18,10.9,FLC,11.1,11.3,10.9,6607220.0
2014-06-17,11.1,FLC,10.8,11.1,10.7,1.146116E7
2014-06-16,10.9,FLC,10.8,11.0,10.7,6531250.0
2014-06-13,10.7,FLC,10.7,10.9,10.6,5674470.0
2014-06-12,10.8,FLC,10.9,11.1,10.7,1.135304E7
2014-06-11,10.8,FLC,10.4,10.8,10.3,6890930.0
2014-06-10,10.4,FLC,10.8,11.0,10.4,1.386533E7
2014-06-09,11.0,FLC,11.2,11.5,10.9,1.383314E7
2014-06-06,11.0,FLC,10.6,11.0,10.5,9624580.0
2014-06-05,10.5,FLC,9.9,10.5,9.5,1.34006E7
2014-06-04,9.9,FLC,10.6,10.7,9.8,1.233187E7
2014-06-03,10.5,FLC,10.6,10.8,10.4,1.05512E7
2014-06-02,10.6,FLC,11.1,11.2,10.4,1.430083E7
2014-05-30,11.1,FLC,11.2,11.5,11.1,6661040.0
2014-05-29,11.2,FLC,11.2,11.8,11.0,2.020961E7
2014-05-28,11.2,FLC,11.3,11.4,11.0,1.381205E7
2014-05-27,11.3,FLC,11.2,11.7,11.1,1.10184E7
2014-05-26,11.1,FLC,10.6,11.1,10.3,1.196599E7
2014-05-23,10.4,FLC,10.2,10.5,10.0,1.283589E7
2014-05-22,10.1,FLC,10.4,10.7,9.9,1.730007E7
2014-05-21,10.1,FLC,9.7,10.1,9.5,8099720.0
2014-05-20,9.5,FLC,9.0,9.5,8.9,1.333384E7
2014-05-19,8.9,FLC,8.4,8.9,8.1,1.277743E7
2014-05-16,8.4,FLC,7.9,8.4,7.8,7843410.0
2014-05-15,7.9,FLC,8.0,8.5,7.6,1.279611E7
2014-05-14,8.0,FLC,7.3,8.0,7.3,1.202971E7
2014-05-13,7.5,FLC,7.5,7.9,7.5,6579650.0
2014-05-12,8.0,FLC,8.6,8.6,8.0,8639490.0
2014-05-09,8.6,FLC,8.3,8.9,8.3,2.100814E7
2014-05-08,8.9,FLC,9.1,9.2,8.9,3559970.0
2014-05-07,9.5,FLC,9.8,9.8,9.3,3439390.0
2014-05-06,9.7,FLC,10.1,10.2,9.5,5865780.0
2014-05-05,10.2,FLC,10.8,10.9,10.1,5877720.0
2014-04-29,10.6,FLC,10.9,10.9,10.5,6905210.0
2014-04-28,11.1,FLC,11.8,11.9,11.1,5408170.0
2014-04-25,11.7,FLC,11.5,12.0,11.5,4134120.0
2014-04-24,11.5,FLC,11.8,11.9,11.2,7551560.0
2014-04-23,11.9,FLC,12.7,12.7,11.8,3903530.0
2014-04-22,12.6,FLC,12.2,12.6,11.7,6969040.0
2014-04-21,12.1,FLC,12.9,12.9,12.0,1.13146E7
2014-04-18,12.8,FLC,13.8,13.9,12.8,1.118903E7
2014-04-17,13.7,FLC,13.7,13.9,13.5,9709330.0
2014-04-16,13.4,FLC,14.4,14.4,13.4,1.272158E7
2014-04-15,14.4,FLC,15.3,15.3,14.4,7909430.0
2014-04-14,15.3,FLC,15.3,15.6,15.1,8497510.0
2014-04-11,15.1,FLC,15.4,15.4,15.1,6794240.0
2014-04-10,15.5,FLC,15.4,15.7,15.1,6210650.0
2014-04-08,15.4,FLC,15.9,16.0,15.2,7832460.0
2014-04-07,15.9,FLC,15.0,15.9,14.9,1.565739E7
2014-04-04,14.9,FLC,14.8,15.0,14.3,9700220.0
2014-04-03,14.9,FLC,14.2,14.9,14.0,1.011442E7
2014-04-02,14.2,FLC,14.3,14.4,13.7,4671380.0
2014-04-01,14.2,FLC,13.1,14.2,12.7,1.074341E7
2014-03-31,13.3,FLC,13.9,14.0,13.2,1.213384E7
2014-03-28,14.1,FLC,14.5,14.6,14.1,7965880.0
2014-03-27,14.4,FLC,14.1,14.6,13.8,1.195849E7
2014-03-26,14.0,FLC,15.2,15.4,14.0,1.537339E7
2014-03-25,15.0,FLC,15.7,15.8,14.8,1.441436E7
2014-03-24,15.7,FLC,14.8,15.7,14.8,7412120.0
2014-03-21,14.7,FLC,13.8,14.7,13.4,1.137785E7
2014-03-20,13.8,FLC,13.7,13.9,13.5,7080590.0
2014-03-19,13.7,FLC,13.4,13.7,13.3,9602680.0
2014-03-18,13.5,FLC,13.8,13.8,13.4,7423520.0
2014-03-17,13.8,FLC,13.8,14.0,13.6,8406080.0
2014-03-14,13.7,FLC,13.6,13.9,13.5,9956130.0
2014-03-13,13.6,FLC,13.3,13.7,13.1,7481560.0
2014-03-12,13.2,FLC,13.7,13.7,13.1,8621100.0
2014-03-11,13.7,FLC,13.7,13.9,13.2,7606580.0
2014-03-10,13.6,FLC,13.5,13.8,13.4,4844780.0
2014-03-07,13.5,FLC,12.9,13.7,12.8,1.039996E7
2014-03-06,12.9,FLC,13.0,13.2,12.8,5415850.0
2014-03-05,13.1,FLC,12.9,13.3,12.7,7327840.0
2014-03-04,12.6,FLC,12.0,12.6,11.6,9502920.0
2014-03-03,12.0,FLC,12.3,12.4,11.7,9944550.0
2014-02-28,12.4,FLC,12.1,12.4,11.7,5609670.0
2014-02-27,12.1,FLC,12.0,12.5,12.0,1.115479E7
2014-02-26,11.7,FLC,11.1,11.7,11.0,1.150454E7
2014-02-25,11.0,FLC,10.7,11.1,10.6,8022500.0
2014-02-24,10.7,FLC,10.5,10.9,10.3,4512680.0
2014-02-21,10.3,FLC,10.4,10.6,9.9,5532780.0
2014-02-20,10.5,FLC,11.2,11.4,10.5,1.145513E7
2014-02-19,11.2,FLC,11.1,11.3,10.7,5519510.0
2014-02-18,10.9,FLC,10.8,11.1,10.7,5170100.0
2014-02-17,10.8,FLC,10.3,10.9,10.2,8690940.0
2014-02-14,10.2,FLC,10.3,10.4,10.0,3963590.0
2014-02-13,10.3,FLC,10.5,10.6,10.2,7626980.0
2014-02-12,10.0,FLC,9.5,10.0,9.3,9267080.0
2014-02-11,9.4,FLC,9.6,9.9,9.3,5629250.0
2014-02-10,9.6,FLC,9.7,9.7,9.5,4008640.0
2014-02-07,9.6,FLC,9.8,10.0,9.5,6121020.0
2014-02-06,9.5,FLC,9.2,9.5,9.1,5233940.0
2014-01-27,8.9,FLC,8.6,9.0,8.6,2236470.0
2014-01-24,8.7,FLC,9.0,9.1,8.7,2812060.0
2014-01-23,9.0,FLC,9.2,9.4,9.0,4903790.0
2014-01-22,8.9,FLC,8.9,8.9,8.8,5089610.0
2014-01-21,8.4,FLC,7.8,8.4,7.8,4328680.0
2014-01-20,7.9,FLC,8.3,8.5,7.9,5998620.0
2014-01-17,8.4,FLC,8.7,8.8,8.4,3990840.0
2014-01-16,8.6,FLC,8.9,8.9,8.6,2980960.0
2014-01-15,8.9,FLC,8.9,9.1,8.7,5230370.0
2014-01-14,8.9,FLC,8.9,9.1,8.8,4174430.0
2014-01-13,8.9,FLC,9.2,9.2,8.8,2697420.0
2014-01-10,9.1,FLC,9.2,9.4,9.1,3839260.0
2014-01-09,9.1,FLC,9.3,9.3,9.0,5446080.0
2014-01-08,9.2,FLC,9.4,9.6,9.2,5855460.0
2014-01-07,9.4,FLC,9.4,9.8,9.3,4770390.0
2014-01-06,9.4,FLC,9.5,9.6,9.1,4785300.0
2014-01-03,9.6,FLC,9.6,9.9,9.5,5105000.0
2014-01-02,9.4,FLC,9.3,9.4,8.8,7450310.0
2013-12-31,8.8,FLC,8.8,9.1,8.3,5845850.0
2013-12-30,8.8,FLC,9.3,9.5,8.8,9589440.0
2013-12-27,9.4,FLC,10.0,10.1,9.4,7276770.0
2013-12-26,10.1,FLC,10.4,10.8,10.1,3810760.0
2013-12-25,10.6,FLC,11.3,11.4,10.3,8408520.0
2013-12-24,11.0,FLC,9.6,11.0,9.6,1.302233E7
2013-12-23,10.3,FLC,11.5,11.6,10.3,1.279927E7
2013-12-20,11.0,FLC,12.0,12.5,11.0,6327730.0
2013-12-19,11.7,FLC,11.3,11.7,11.2,4537680.0
2013-12-18,11.0,FLC,10.5,11.0,10.3,5544290.0
2013-12-17,10.3,FLC,10.0,10.3,9.7,7950930.0
2013-12-16,9.9,FLC,10.1,10.4,9.8,6344470.0
2013-12-13,9.8,FLC,9.4,9.8,9.3,7256560.0
2013-12-12,9.2,FLC,8.6,9.2,8.6,5695770.0
2013-12-11,8.6,FLC,8.6,8.9,8.4,6965870.0
2013-12-10,8.6,FLC,8.2,8.6,8.1,1.133972E7
2013-12-09,8.1,FLC,8.3,8.4,8.0,6037970.0
2013-12-06,8.2,FLC,8.1,8.3,8.0,4049460.0
2013-12-05,8.0,FLC,7.9,8.1,7.8,6044220.0
2013-12-04,7.9,FLC,8.0,8.1,7.7,5838760.0
2013-12-03,8.0,FLC,7.9,8.2,7.9,6855210.0
2013-12-02,7.7,FLC,7.2,7.7,7.1,1.138505E7
2013-11-29,7.2,FLC,7.6,7.8,7.2,8039100.0
2013-11-28,7.4,FLC,7.1,7.4,7.1,6118040.0
2013-11-27,7.0,FLC,6.7,7.0,6.7,1.203591E7
2013-11-26,6.6,FLC,6.6,6.8,6.4,4122660.0
2013-11-25,6.6,FLC,6.7,6.9,6.6,7375890.0
2013-11-22,6.6,FLC,6.3,6.6,6.2,7655160.0
2013-11-21,6.2,FLC,6.5,6.8,6.2,9043860.0
2013-11-20,6.4,FLC,6.0,6.4,6.0,7013020.0
2013-11-19,6.1,FLC,6.0,6.2,5.9,9349040.0
2013-11-18,5.8,FLC,5.6,5.8,5.6,4403920.0
2013-11-15,5.5,FLC,5.3,5.5,5.2,1.176833E7
2013-11-14,5.2,FLC,5.3,5.4,5.2,2390830.0
2013-11-13,5.3,FLC,5.2,5.4,5.2,3391760.0
2013-11-12,5.2,FLC,5.4,5.6,5.2,8121050.0
2013-11-11,5.3,FLC,5.0,5.3,5.0,6135250.0
2013-11-08,5.0,FLC,5.1,5.1,4.9,2141780.0
2013-11-07,5.0,FLC,5.1,5.2,5.0,3350190.0
2013-11-06,5.1,FLC,5.1,5.2,5.0,3718000.0
2013-11-05,5.1,FLC,4.9,5.1,4.9,4299080.0
2013-11-04,4.9,FLC,4.8,5.0,4.8,2521610.0
2013-11-01,4.8,FLC,4.8,4.9,4.8,865160.0
2013-10-31,4.8,FLC,4.8,4.9,4.7,976570.0
2013-10-30,4.8,FLC,4.8,4.9,4.8,341090.0
2013-10-29,4.8,FLC,4.9,4.9,4.8,1817160.0
2013-10-28,4.9,FLC,4.9,5.0,4.8,1092510.0
2013-10-25,4.9,FLC,4.9,5.0,4.9,1542680.0
2013-10-24,4.9,FLC,5.0,5.1,4.9,2362040.0
2013-10-23,5.1,FLC,5.1,5.1,4.9,2651780.0
2013-10-22,5.0,FLC,5.0,5.1,4.9,2072910.0
2013-10-21,5.0,FLC,5.1,5.2,5.0,5143990.0
2013-10-18,4.9,FLC,4.8,5.0,4.8,1791020.0
2013-10-17,4.8,FLC,4.9,5.0,4.8,1389930.0
2013-10-16,4.9,FLC,4.9,5.0,4.8,2264560.0
2013-10-15,4.8,FLC,4.8,4.9,4.7,1491420.0
2013-10-14,4.8,FLC,4.9,4.9,4.7,1580500.0
2013-10-11,4.8,FLC,5.0,5.1,4.8,2937380.0
2013-10-10,5.0,FLC,5.0,5.1,4.9,3663140.0
2013-10-09,5.0,FLC,5.0,5.1,4.9,2651140.0
2013-10-08,5.1,FLC,5.1,5.2,5.0,2717480.0
2013-10-07,5.1,FLC,5.0,5.2,5.0,4263250.0
2013-10-04,4.9,FLC,5.0,5.1,4.9,3768650.0
2013-10-03,5.1,FLC,5.0,5.2,4.9,5324450.0
2013-10-02,5.0,FLC,4.7,5.0,4.7,7238920.0
2013-10-01,4.7,FLC,4.8,4.9,4.6,3903500.0
2013-09-30,4.8,FLC,4.7,4.8,4.6,4274020.0
2013-09-27,4.7,FLC,4.8,4.9,4.7,2397880.0
2013-09-26,4.8,FLC,4.8,5.0,4.8,1988590.0
2013-09-25,4.8,FLC,4.7,5.0,4.7,4123880.0
2013-09-24,4.7,FLC,4.6,4.8,4.6,2604360.0
2013-09-23,4.7,FLC,4.5,4.7,4.5,1830890.0
2013-09-20,4.5,FLC,4.6,4.7,4.5,1500130.0
2013-09-19,4.5,FLC,4.6,4.7,4.5,1193770.0
2013-09-18,4.5,FLC,4.7,4.7,4.5,1205050.0
2013-09-17,4.7,FLC,4.7,4.8,4.6,2998010.0
2013-09-16,4.6,FLC,4.7,4.8,4.6,1014780.0
2013-09-13,4.7,FLC,4.9,4.9,4.7,1551700.0
2013-09-12,4.8,FLC,4.5,4.8,4.5,3476120.0
2013-09-11,4.5,FLC,4.4,4.6,4.4,1789560.0
2013-09-10,4.4,FLC,4.4,4.5,4.3,1383520.0
2013-09-09,4.4,FLC,4.6,4.6,4.3,1730460.0
2013-09-06,4.6,FLC,4.6,4.7,4.5,916270.0
2013-09-05,4.6,FLC,4.6,4.7,4.5,1150650.0
2013-09-04,4.6,FLC,4.6,4.7,4.5,2227360.0
2013-09-03,4.6,FLC,4.7,4.8,4.6,1249040.0
2013-08-30,4.8,FLC,4.7,4.8,4.6,1502520.0
2013-08-29,4.7,FLC,4.8,4.9,4.7,1417320.0
2013-08-28,4.9,FLC,5.0,5.0,4.7,4005220.0
2013-08-27,5.0,FLC,5.2,5.2,5.0,1544560.0
2013-08-26,5.2,FLC,5.2,5.3,5.1,2312360.0
2013-08-23,5.2,FLC,5.3,5.4,5.1,2517690.0
2013-08-22,5.2,FLC,5.3,5.4,5.2,1381040.0
2013-08-21,5.3,FLC,5.4,5.4,5.3,2306020.0
2013-08-20,5.4,FLC,5.5,5.5,5.3,1980410.0
2013-08-19,5.5,FLC,5.4,5.6,5.3,3080220.0
2013-08-16,5.4,FLC,5.5,5.5,5.4,2409140.0
2013-08-15,5.5,FLC,5.3,5.5,5.3,2899730.0
2013-08-14,5.3,FLC,5.2,5.4,5.2,2281280.0
2013-08-13,5.3,FLC,5.3,5.5,5.3,3337950.0
2013-08-12,5.3,FLC,5.5,5.5,5.3,2545310.0
2013-08-09,5.5,FLC,5.5,5.6,5.4,1746500.0
2013-08-08,5.5,FLC,5.6,5.7,5.5,1647020.0
2013-08-07,5.6,FLC,5.7,5.7,5.5,3555620.0
2013-08-06,5.7,FLC,5.7,5.8,5.6,4434600.0
2013-07-29,5.4,FLC,5.5,5.6,5.4,2464500.0
2013-07-26,5.6,FLC,5.4,5.7,5.4,3297400.0
2013-07-25,5.4,FLC,4.7,5.4,4.7,2146700.0
2013-07-24,5.2,FLC,4.9,5.5,4.9,2249100.0
2013-07-23,5.4,FLC,5.0,5.6,5.0,1382800.0
2013-07-22,5.5,FLC,5.4,5.6,5.3,2762500.0
2013-07-19,5.4,FLC,5.6,5.7,5.4,4872100.0
2013-07-18,5.6,FLC,5.6,5.7,5.5,1882900.0
2013-07-17,5.7,FLC,5.7,5.8,5.6,2380200.0
2013-07-16,5.7,FLC,5.7,5.8,5.7,3309300.0
2013-07-15,5.8,FLC,5.9,5.9,5.7,2356600.0
2013-07-12,5.8,FLC,5.8,6.0,5.6,3921400.0
2013-07-11,6.2,FLC,6.1,6.2,5.9,4008500.0
2013-07-10,6.1,FLC,6.2,6.3,6.0,5150300.0
2013-07-09,6.3,FLC,6.2,6.3,6.1,3723100.0
2013-07-08,6.3,FLC,6.2,6.4,6.2,4671500.0
2013-07-05,6.2,FLC,6.4,6.5,6.2,6238700.0
2013-07-04,6.4,FLC,6.7,6.7,6.3,5883900.0
2013-07-03,6.7,FLC,6.5,6.7,6.4,8126100.0
2013-07-02,6.5,FLC,6.2,6.5,6.2,3128400.0
2013-07-01,6.4,FLC,5.8,6.4,5.8,3846700.0
2013-06-28,6.5,FLC,6.5,6.7,6.4,5258300.0
2013-06-27,6.4,FLC,6.2,6.5,6.2,4238800.0
2013-06-26,6.2,FLC,5.8,6.5,5.8,5333500.0
2013-06-25,6.4,FLC,6.7,6.9,6.2,5090100.0
2013-06-24,6.8,FLC,7.0,7.0,6.6,6894200.0
2013-06-21,6.9,FLC,6.9,7.2,6.8,4962500.0
2013-06-20,7.1,FLC,7.3,7.5,7.0,3967000.0
2013-06-19,7.4,FLC,7.7,8.0,7.3,4313800.0
2013-06-18,7.3,FLC,6.6,7.3,6.5,4801500.0
2013-06-17,6.6,FLC,7.2,7.2,6.6,2462300.0
2013-06-14,7.2,FLC,7.4,7.4,7.2,571700.0
2013-06-13,7.4,FLC,7.3,7.4,7.1,1025900.0
2013-06-12,7.3,FLC,7.6,7.6,7.2,712900.0
2013-06-11,7.5,FLC,7.3,7.7,7.2,2005600.0
2013-06-10,7.2,FLC,7.0,7.3,6.8,1024000.0
2013-06-07,7.0,FLC,7.0,7.1,6.9,604900.0
2013-06-06,7.0,FLC,7.0,7.1,6.9,566300.0
2013-06-05,7.1,FLC,6.8,7.1,6.7,710400.0
2013-06-04,6.8,FLC,7.1,7.2,6.8,791600.0
2013-06-03,7.1,FLC,7.2,7.3,7.1,728800.0
2013-05-31,7.2,FLC,7.5,7.7,7.2,943000.0
2013-05-30,7.4,FLC,7.3,7.6,7.1,1111200.0
2013-05-29,7.3,FLC,7.0,7.7,7.0,2111300.0
2013-05-28,7.0,FLC,6.8,7.1,6.7,1160400.0
2013-05-27,6.8,FLC,6.6,7.0,6.6,1209800.0
2013-05-24,6.6,FLC,6.7,6.8,6.5,350500.0
2013-05-23,6.7,FLC,6.6,6.9,6.5,1342900.0
2013-05-22,6.6,FLC,6.6,6.8,6.5,597300.0
2013-05-21,6.6,FLC,6.3,6.7,6.3,753100.0
2013-05-20,6.4,FLC,6.4,6.5,6.3,582200.0
2013-05-17,6.4,FLC,6.5,6.5,6.4,448100.0
2013-05-16,6.4,FLC,6.5,6.6,6.4,608200.0
2013-05-15,6.4,FLC,6.4,6.5,6.3,234000.0
2013-05-14,6.4,FLC,6.6,6.6,6.3,444100.0
2013-05-13,6.6,FLC,6.5,6.7,6.5,607500.0
2013-05-10,6.5,FLC,6.7,6.7,6.5,409500.0
2013-05-09,6.6,FLC,6.4,6.7,6.4,506100.0
2013-05-08,6.4,FLC,6.6,6.7,6.4,565200.0
2013-05-07,6.6,FLC,6.8,7.0,6.5,712600.0
2013-05-06,6.9,FLC,6.5,7.0,6.4,965100.0
2013-05-03,6.4,FLC,6.1,6.5,6.1,750900.0
2013-05-02,6.1,FLC,6.1,6.2,6.1,266600.0
2013-04-26,6.1,FLC,6.3,6.3,6.1,332300.0
2013-04-25,6.2,FLC,6.2,6.4,6.1,564400.0
2013-04-24,6.2,FLC,6.1,6.2,6.1,337100.0
2013-04-23,6.1,FLC,6.1,6.3,6.1,335400.0
2013-04-22,6.2,FLC,6.3,6.3,6.1,253200.0
2013-04-18,6.3,FLC,6.2,6.5,6.1,1188700.0
2013-04-17,6.1,FLC,6.2,6.2,6.0,291100.0
2013-04-16,6.1,FLC,6.1,6.2,5.9,642300.0
2013-04-15,6.1,FLC,6.6,6.6,6.0,692900.0
2013-04-12,6.4,FLC,6.7,6.7,6.4,511300.0
2013-04-11,6.6,FLC,6.5,6.7,6.5,402300.0
2013-04-10,6.6,FLC,6.7,6.9,6.5,927800.0
2013-04-09,6.6,FLC,6.1,6.8,6.1,584100.0
2013-04-08,6.6,FLC,6.7,6.9,6.6,662100.0
2013-04-05,6.8,FLC,6.7,6.8,6.6,588600.0
2013-04-04,6.7,FLC,6.9,6.9,6.6,924200.0
2013-04-03,6.9,FLC,7.0,7.1,6.7,1080000.0
2013-04-02,7.0,FLC,7.3,7.4,6.9,1406400.0
2013-04-01,7.0,FLC,6.5,7.0,6.4,1572700.0
2013-03-29,6.5,FLC,6.5,6.6,6.0,1846900.0
2013-03-28,6.6,FLC,6.8,6.9,6.5,1427100.0
2013-03-27,6.9,FLC,6.8,6.9,6.7,922100.0
2013-03-26,6.9,FLC,6.9,7.1,6.8,584800.0
2013-03-25,7.0,FLC,6.8,7.0,6.8,603400.0
2013-03-22,6.9,FLC,7.1,7.2,6.8,970500.0
2013-03-21,7.1,FLC,7.1,7.3,7.0,766600.0
2013-03-20,7.1,FLC,7.1,7.3,7.0,774400.0
2013-03-19,7.1,FLC,7.1,7.2,7.0,885100.0
2013-03-18,7.1,FLC,7.4,7.4,7.1,1046000.0
2013-03-15,7.3,FLC,7.3,7.4,7.1,1213700.0
2013-03-14,7.3,FLC,7.3,7.4,7.1,998800.0
2013-03-13,7.2,FLC,7.6,7.7,7.2,1380900.0
2013-03-12,7.6,FLC,7.6,7.8,7.2,2799700.0
2013-03-11,7.4,FLC,6.8,7.4,6.8,1406200.0
2013-03-08,6.8,FLC,6.7,7.0,6.7,752100.0
2013-03-07,6.8,FLC,7.1,7.1,6.6,1737700.0
2013-03-06,7.0,FLC,6.7,7.2,6.7,822000.0
2013-03-05,6.8,FLC,7.4,7.4,6.7,1250600.0
2013-03-04,7.4,FLC,8.1,8.2,7.4,2594400.0
2013-03-01,8.2,FLC,8.1,8.4,7.8,2133100.0
2013-02-28,8.1,FLC,8.2,8.5,8.1,1481700.0
2013-02-27,8.2,FLC,8.1,8.3,7.8,1237000.0
2013-02-26,8.1,FLC,9.0,9.0,8.1,2446500.0
2013-02-25,9.0,FLC,8.5,9.2,8.4,1688500.0
2013-02-22,8.4,FLC,7.5,8.4,7.5,3341500.0
2013-02-21,7.6,FLC,7.7,8.3,7.5,4330500.0
2013-02-20,7.6,FLC,7.4,7.7,7.4,1482100.0
2013-02-19,7.5,FLC,7.5,7.6,7.4,1002400.0
2013-02-18,7.5,FLC,7.4,7.6,7.3,1240800.0
2013-02-08,7.4,FLC,7.4,7.6,7.3,1171000.0
2013-02-07,7.3,FLC,7.2,7.4,7.1,1158900.0
2013-02-06,7.2,FLC,7.1,7.2,7.0,944000.0
2013-02-05,7.0,FLC,6.8,7.1,6.7,1122700.0
2013-02-04,6.8,FLC,6.8,6.9,6.7,816100.0
2013-02-01,6.7,FLC,6.7,6.8,6.6,388000.0
2013-01-31,6.7,FLC,6.8,6.9,6.6,992800.0
2013-01-30,6.9,FLC,7.0,7.1,6.9,1343600.0
2013-01-29,6.9,FLC,7.0,7.2,6.9,915100.0
2013-01-28,6.9,FLC,6.8,7.3,6.8,1737600.0
2013-01-25,6.8,FLC,6.8,6.9,6.5,1259200.0
2013-01-24,6.8,FLC,6.6,6.8,6.4,611800.0
2013-01-23,6.4,FLC,6.6,6.6,6.3,716600.0
2013-01-22,6.5,FLC,6.8,6.9,6.3,1131400.0
2013-01-21,6.8,FLC,6.9,7.0,6.7,599400.0
2013-01-18,6.9,FLC,6.9,7.1,6.8,1236800.0
2013-01-17,7.0,FLC,7.3,7.5,7.0,1366500.0
2013-01-16,7.2,FLC,7.8,7.8,7.2,1824300.0
2013-01-15,7.4,FLC,6.8,7.4,6.8,2801000.0
2013-01-14,6.8,FLC,6.8,6.9,6.6,1127600.0
2013-01-11,6.8,FLC,6.9,7.1,6.7,1280100.0
2013-01-10,6.8,FLC,6.9,7.0,6.5,2345000.0
2013-01-09,6.9,FLC,7.5,7.6,6.9,3177300.0
2013-01-08,7.4,FLC,6.9,7.5,6.9,2441600.0
2013-01-07,7.1,FLC,7.6,7.8,7.1,3502600.0
2013-01-04,7.6,FLC,7.6,7.7,7.3,2527900.0
2013-01-03,7.7,FLC,7.5,7.8,7.1,3273500.0
2013-01-02,7.3,FLC,7.0,7.3,6.8,3059800.0
2012-12-28,7.0,FLC,6.7,7.0,6.5,1401300.0
2012-12-27,6.7,FLC,6.8,7.0,6.6,2104900.0
2012-12-26,6.6,FLC,6.3,6.6,6.3,3210100.0
2012-12-25,6.3,FLC,6.2,6.4,6.2,1442800.0
2012-12-24,6.1,FLC,6.0,6.2,6.0,903000.0
2012-12-21,6.0,FLC,5.8,6.2,5.8,1338000.0
2012-12-20,6.2,FLC,6.2,6.4,6.2,1840300.0
2012-12-19,6.3,FLC,6.3,6.4,6.1,1770400.0
2012-12-18,6.1,FLC,5.9,6.5,5.7,2337700.0
2012-12-17,6.1,FLC,6.1,6.2,6.1,4019000.0
2012-12-14,6.5,FLC,6.8,7.0,6.5,1263600.0
2012-12-13,6.9,FLC,7.0,7.1,6.7,1219200.0
2012-12-12,6.7,FLC,6.3,6.7,6.3,1196300.0
2012-12-11,6.4,FLC,6.6,6.6,6.2,1646100.0
2012-12-10,6.6,FLC,6.3,6.7,6.3,893200.0
2012-12-07,6.2,FLC,6.2,6.5,6.2,619300.0
2012-12-06,6.2,FLC,6.3,6.3,6.1,543600.0
2012-12-05,6.4,FLC,6.4,6.6,6.2,805100.0
2012-12-04,6.3,FLC,5.9,6.3,5.9,544400.0
2012-12-03,5.9,FLC,5.9,6.0,5.8,233800.0
2012-11-30,5.9,FLC,6.0,6.0,5.8,371800.0
2012-11-29,6.0,FLC,6.0,6.0,5.9,268100.0
2012-11-28,5.9,FLC,5.9,6.0,5.8,269300.0
2012-11-27,5.9,FLC,6.0,6.1,5.9,311500.0
2012-11-26,6.0,FLC,6.1,6.1,5.8,390600.0
2012-11-23,6.1,FLC,6.2,6.3,6.1,593800.0
2012-11-22,6.2,FLC,6.1,6.3,6.1,383200.0
2012-11-21,6.1,FLC,6.3,6.3,6.0,654700.0
2012-11-20,6.3,FLC,6.2,6.4,6.1,549400.0
2012-11-19,6.2,FLC,6.2,6.4,6.2,417000.0
2012-11-16,6.2,FLC,6.1,6.3,6.0,522200.0
2012-11-15,6.1,FLC,6.4,6.4,6.1,843600.0
2012-11-14,6.4,FLC,6.5,6.7,6.3,743600.0
2012-11-13,6.5,FLC,6.6,6.8,6.4,1417400.0
2012-11-12,6.4,FLC,6.0,6.4,6.0,791500.0
2012-11-09,6.1,FLC,6.1,6.1,5.8,700200.0
2012-11-08,6.1,FLC,6.3,6.3,5.9,1174300.0
2012-11-07,5.9,FLC,5.6,5.9,5.6,565700.0
2012-11-06,5.6,FLC,5.6,5.9,5.5,1374700.0
2012-11-05,5.9,FLC,5.9,6.2,5.9,760300.0
2012-11-02,6.3,FLC,6.5,6.6,6.3,863500.0
2012-11-01,6.8,FLC,6.5,6.8,6.4,713600.0
2012-10-31,6.4,FLC,6.2,6.6,6.0,757500.0
2012-10-30,6.3,FLC,6.6,6.8,6.3,1342200.0
2012-10-29,6.7,FLC,6.8,7.0,6.6,921400.0
2012-10-26,6.9,FLC,6.7,7.2,6.7,891500.0
2012-10-25,6.8,FLC,7.1,7.2,6.7,1244800.0
2012-10-24,7.1,FLC,7.6,7.6,7.1,1587900.0
2012-10-23,7.6,FLC,7.3,7.7,7.2,1105900.0
2012-10-22,7.4,FLC,7.8,7.8,7.4,1682700.0
2012-10-19,7.9,FLC,7.7,8.2,7.6,2222900.0
2012-10-18,7.7,FLC,7.2,7.7,7.0,1572400.0
2012-10-17,7.2,FLC,7.2,7.5,7.1,1176600.0
2012-10-16,7.1,FLC,6.3,7.1,6.3,1376100.0
2012-10-15,6.7,FLC,6.9,7.0,6.7,792800.0
2012-10-12,7.1,FLC,7.6,7.7,7.1,1314900.0
2012-10-11,7.6,FLC,7.1,7.7,7.1,1423200.0
2012-10-10,7.2,FLC,7.0,7.2,6.5,1947500.0
2012-10-09,6.8,FLC,6.8,6.8,6.5,1402700.0
2012-10-08,6.4,FLC,6.4,6.4,5.9,399500.0
2012-10-05,6.0,FLC,5.7,6.0,5.5,1820300.0
2012-10-04,5.7,FLC,5.4,5.7,5.3,893700.0
2012-10-03,5.4,FLC,5.4,5.4,5.1,775500.0
2012-10-02,5.1,FLC,4.6,5.1,4.5,2423100.0
2012-10-01,4.8,FLC,5.0,5.1,4.8,364500.0
2012-09-28,5.1,FLC,5.3,5.4,5.1,593600.0
2012-09-27,5.4,FLC,5.9,5.9,5.4,858400.0
2012-09-26,5.8,FLC,5.6,5.8,5.4,616500.0
2012-09-25,5.7,FLC,5.5,5.7,5.3,347700.0
2012-09-24,5.6,FLC,5.9,6.0,5.6,763300.0
2012-09-21,6.0,FLC,5.9,6.3,5.9,865100.0
2012-09-20,6.0,FLC,6.3,6.5,6.0,1147100.0
2012-09-19,6.4,FLC,6.6,6.8,6.3,1454500.0
2012-09-18,6.7,FLC,7.0,7.2,6.7,656000.0
2012-09-17,7.1,FLC,7.1,7.3,7.0,385200.0
2012-09-14,7.3,FLC,6.7,7.3,6.7,593500.0
2012-09-13,7.0,FLC,6.7,7.0,6.7,394400.0
2012-09-12,6.8,FLC,6.4,6.8,6.4,553600.0
2012-09-11,6.4,FLC,6.6,6.8,6.4,423000.0
2012-09-10,6.8,FLC,7.2,7.4,6.8,704100.0
2012-09-07,7.3,FLC,7.0,7.3,7.0,586600.0
2012-09-06,7.1,FLC,7.3,7.4,7.1,635300.0
2012-09-05,7.4,FLC,7.3,7.7,7.1,638600.0
2012-09-04,7.2,FLC,6.7,7.2,6.7,945600.0
2012-08-31,6.8,FLC,7.0,7.2,6.8,626200.0
2012-08-30,7.2,FLC,7.3,7.6,7.0,918500.0
2012-08-29,7.5,FLC,7.3,7.8,7.3,727800.0
2012-08-28,7.5,FLC,7.5,7.8,7.5,179100.0
2012-08-27,8.0,FLC,8.3,8.3,8.0,686700.0
2012-08-24,8.6,FLC,8.0,9.0,8.0,1553000.0
2012-08-23,8.6,FLC,8.7,8.8,8.6,217900.0
2012-08-22,9.2,FLC,9.2,9.4,9.2,553200.0
2012-08-21,9.8,FLC,10.4,10.4,9.8,803200.0
2012-08-20,10.4,FLC,10.2,10.6,10.1,879400.0
2012-08-17,10.4,FLC,10.4,10.5,10.2,1083700.0
2012-08-16,10.5,FLC,10.7,11.0,10.4,1091300.0
2012-08-15,10.8,FLC,10.9,11.3,10.7,538600.0
2012-08-14,11.0,FLC,10.9,11.3,10.9,886900.0
2012-08-13,11.0,FLC,10.9,11.2,10.8,542900.0
2012-08-10,11.0,FLC,11.0,11.3,10.9,774000.0
2012-08-09,11.2,FLC,11.0,11.4,10.9,1310800.0
2012-08-08,11.1,FLC,10.8,11.4,10.7,643100.0
2012-08-07,11.0,FLC,11.3,11.5,10.9,1092400.0
2012-08-06,11.5,FLC,10.9,11.7,10.9,1139900.0
2012-08-03,10.9,FLC,11.2,11.4,10.7,541800.0
2012-08-02,11.2,FLC,11.1,11.4,11.0,478700.0
2012-08-01,11.2,FLC,11.2,11.6,10.9,593000.0
2012-07-31,11.5,FLC,11.4,12.1,11.4,1042000.0
2012-07-30,11.6,FLC,10.7,11.6,10.5,1101600.0
2012-07-27,10.9,FLC,11.1,11.4,10.8,746600.0
2012-07-26,11.3,FLC,11.0,11.8,11.0,784500.0
2012-07-25,11.4,FLC,12.0,12.0,11.3,990700.0
2012-07-24,12.1,FLC,13.0,13.0,12.1,675800.0
2012-07-23,13.0,FLC,12.6,13.4,12.4,966200.0
2012-07-20,12.6,FLC,11.6,12.6,11.6,934200.0
2012-07-19,11.8,FLC,11.1,11.8,10.9,612700.0
2012-07-18,11.0,FLC,11.8,11.8,11.0,382700.0
2012-07-17,11.2,FLC,11.0,11.5,10.9,470200.0
2012-07-16,11.2,FLC,12.0,12.0,11.1,535300.0
2012-07-13,11.9,FLC,11.0,11.9,11.0,665300.0
2012-07-12,11.4,FLC,10.9,11.4,10.8,514100.0
2012-07-11,11.0,FLC,10.8,11.2,10.8,301700.0
2012-07-10,10.9,FLC,10.7,11.0,10.7,256100.0
2012-07-09,10.7,FLC,11.0,11.0,10.6,259700.0
2012-07-06,11.0,FLC,11.2,11.4,10.9,454500.0
2012-07-05,11.2,FLC,10.8,11.4,10.6,483800.0
2012-07-04,11.0,FLC,10.8,11.4,10.5,650000.0
2012-07-03,10.9,FLC,11.2,11.2,10.7,712500.0
2012-07-02,11.5,FLC,12.2,12.5,11.5,489200.0
2012-06-29,12.2,FLC,12.7,12.7,12.1,489700.0
2012-06-28,12.6,FLC,12.5,12.8,12.1,694900.0
2012-06-27,12.7,FLC,12.7,13.4,12.7,1166900.0
2012-06-26,12.6,FLC,11.5,12.8,11.5,1803600.0
2012-06-25,12.3,FLC,12.9,13.2,12.3,292700.0
2012-06-22,13.2,FLC,13.2,13.5,13.2,721500.0
2012-06-21,14.0,FLC,14.1,14.4,14.0,303300.0
2012-06-20,14.2,FLC,14.5,14.6,13.6,490900.0
2012-06-19,14.6,FLC,15.7,15.7,14.6,883700.0
2012-06-18,15.4,FLC,16.2,16.6,15.4,971800.0
2012-06-15,16.3,FLC,16.1,16.8,16.1,712300.0
2012-06-14,16.3,FLC,17.4,17.4,16.1,1091800.0
2012-06-13,17.6,FLC,17.9,18.2,17.0,847500.0
2012-06-12,18.3,FLC,19.2,19.2,18.0,412700.0
2012-06-11,19.3,FLC,19.6,19.7,18.2,526600.0
2012-06-08,18.5,FLC,18.5,18.5,17.5,666700.0
2012-06-07,17.3,FLC,16.1,17.3,16.0,456900.0
2012-06-06,16.3,FLC,15.9,16.3,15.6,157300.0
2012-06-05,15.7,FLC,15.4,15.8,15.1,199600.0
2012-06-04,15.4,FLC,15.9,15.9,15.2,159800.0
2012-06-01,16.0,FLC,16.0,16.3,15.8,185200.0
2012-05-31,16.0,FLC,16.5,16.5,15.8,151800.0
2012-05-30,16.6,FLC,16.4,16.7,16.3,158400.0
2012-05-29,16.5,FLC,16.7,16.7,16.2,138300.0
2012-05-28,16.7,FLC,16.6,17.3,16.5,232800.0
2012-05-25,16.6,FLC,15.6,16.6,15.6,120800.0
2012-05-24,15.7,FLC,16.3,16.5,15.5,149900.0
2012-05-23,16.3,FLC,17.0,17.0,16.2,181700.0
2012-05-22,17.0,FLC,17.5,17.8,16.7,244300.0
2012-05-21,17.4,FLC,16.2,17.4,16.2,228700.0
2012-05-18,16.3,FLC,17.4,17.4,16.3,143600.0
2012-05-17,17.3,FLC,18.3,18.5,17.3,243600.0
2012-05-16,18.4,FLC,18.4,18.7,17.9,231700.0
2012-05-15,18.6,FLC,20.0,20.0,18.6,154200.0
2012-05-14,20.0,FLC,21.5,22.0,19.6,206300.0
2012-05-11,21.1,FLC,22.1,22.1,20.4,244200.0
2012-05-10,22.0,FLC,22.1,22.5,21.7,209400.0
2012-05-09,21.9,FLC,23.0,23.0,21.9,190200.0
2012-05-08,22.3,FLC,23.4,23.5,22.2,229400.0
2012-05-07,23.1,FLC,23.4,23.5,23.0,211100.0
2012-05-04,22.9,FLC,22.5,23.8,22.4,220900.0
2012-05-03,22.2,FLC,22.9,22.9,22.1,171000.0
2012-05-02,22.5,FLC,22.9,23.9,22.3,219700.0
2012-04-27,22.8,FLC,22.5,23.8,22.1,161400.0
2012-04-26,22.2,FLC,24.3,24.3,22.2,148800.0
2012-04-25,23.0,FLC,23.5,24.2,22.8,178000.0
2012-04-24,22.6,FLC,22.8,23.0,21.9,125700.0
2012-04-23,22.6,FLC,22.9,23.0,22.3,133600.0
2012-04-20,22.6,FLC,22.6,22.8,22.0,167400.0
2012-04-19,22.4,FLC,23.8,23.8,22.3,171300.0
2012-04-18,23.8,FLC,24.5,24.7,23.8,118200.0
2012-04-17,24.4,FLC,25.8,25.8,24.4,141400.0
2012-04-16,25.0,FLC,25.2,25.8,24.4,135200.0
2012-04-13,24.5,FLC,26.0,26.0,24.4,135000.0
2012-04-12,24.8,FLC,25.2,26.3,24.8,148500.0
2012-04-11,24.6,FLC,24.8,24.8,23.9,140100.0
2012-04-10,24.2,FLC,25.0,25.4,23.5,94900.0
2012-04-09,24.3,FLC,24.4,24.5,23.9,128400.0
2012-04-06,24.2,FLC,24.5,24.6,23.7,136600.0
2012-04-05,24.2,FLC,24.2,24.2,23.4,141200.0
2012-04-04,24.2,FLC,25.1,25.1,23.8,102500.0
2012-04-03,24.6,FLC,24.5,25.4,23.9,132200.0
2012-03-30,24.1,FLC,24.7,24.7,23.8,108100.0
2012-03-29,24.6,FLC,26.0,26.1,24.5,90700.0
2012-03-28,25.7,FLC,25.5,25.9,25.0,110600.0
2012-03-27,25.5,FLC,27.1,27.1,25.5,93300.0
2012-03-26,26.8,FLC,28.4,28.4,26.0,114900.0
2012-03-23,27.7,FLC,27.0,29.2,25.8,156800.0
2012-03-22,27.1,FLC,28.5,28.9,27.1,134600.0
2012-03-21,28.0,FLC,30.0,30.0,27.8,173800.0
2012-03-20,29.4,FLC,30.8,31.0,29.0,118300.0
2012-03-19,30.0,FLC,31.6,31.7,29.4,112500.0
2012-03-16,31.5,FLC,31.4,32.0,31.3,124900.0
2012-03-15,31.6,FLC,30.9,31.9,30.0,148200.0
2012-03-14,30.9,FLC,32.8,32.8,30.6,136300.0
2012-03-13,31.9,FLC,33.9,34.2,31.9,98800.0
2012-03-12,33.7,FLC,36.1,36.1,33.7,113300.0
2012-03-09,35.6,FLC,35.6,37.8,35.6,54800.0
2012-03-08,37.0,FLC,39.0,39.0,37.0,39500.0
2012-03-07,39.6,FLC,40.0,40.5,39.6,52700.0
2012-03-06,40.4,FLC,46.3,46.3,40.3,131200.0
2012-03-05,43.6,FLC,42.0,43.6,42.0,148900.0
2012-03-02,41.4,FLC,42.4,42.4,40.0,187000.0
2012-03-01,42.1,FLC,44.5,45.0,40.8,173000.0
2012-02-29,42.4,FLC,43.9,43.9,41.7,120000.0
2012-02-28,42.4,FLC,42.0,42.6,39.8,202700.0
2012-02-27,40.0,FLC,40.0,40.0,39.7,203100.0
2012-02-24,37.6,FLC,35.6,37.6,35.5,186300.0
2012-02-23,36.2,FLC,35.0,36.2,33.9,264200.0
2012-02-22,34.8,FLC,34.6,34.8,32.2,312200.0
2012-02-21,34.5,FLC,35.0,35.0,34.3,118500.0
2012-02-20,34.8,FLC,35.6,35.9,34.3,115200.0
2012-02-17,34.9,FLC,34.8,36.0,33.7,207600.0
2012-02-16,33.9,FLC,34.2,34.3,33.4,141200.0
2012-02-15,33.5,FLC,35.5,35.5,33.3,124000.0
2012-02-14,34.8,FLC,34.5,34.8,33.6,199000.0
2012-02-13,33.4,FLC,34.0,34.0,32.9,126200.0
2012-02-10,33.1,FLC,35.3,35.6,33.1,164800.0
2012-02-09,35.7,FLC,35.9,36.1,34.4,208900.0
2012-02-08,35.5,FLC,34.0,35.5,32.1,295900.0
2012-02-07,33.6,FLC,34.5,34.9,31.8,232900.0
2012-02-06,33.4,FLC,35.3,35.3,33.0,204100.0
2012-02-03,33.2,FLC,33.0,33.4,32.6,169100.0
2012-02-02,31.4,FLC,30.9,31.7,30.6,149800.0
2012-02-01,30.2,FLC,30.0,30.2,29.2,208600.0
2012-01-31,28.5,FLC,28.4,28.5,28.0,208300.0
2012-01-30,26.7,FLC,26.7,26.7,26.4,159500.0
2012-01-20,25.7,FLC,24.3,25.7,22.5,296500.0
2012-01-19,25.0,FLC,24.6,25.0,24.1,187400.0
2012-01-18,24.4,FLC,22.9,24.5,21.3,287100.0
2012-01-17,22.9,FLC,23.1,23.2,22.5,141800.0
2012-01-16,23.3,FLC,23.2,23.4,21.6,255100.0
2012-01-13,22.6,FLC,23.4,23.4,22.5,308000.0
2012-01-12,22.9,FLC,22.7,23.7,22.6,203100.0
2012-01-11,22.5,FLC,23.4,23.4,22.1,210000.0
2012-01-10,22.6,FLC,22.0,22.7,21.3,318400.0
2012-01-09,21.8,FLC,22.1,23.2,21.4,146900.0
2012-01-06,22.4,FLC,23.5,23.6,21.4,133300.0
2012-01-05,22.7,FLC,23.3,23.4,21.2,114200.0
2012-01-04,21.7,FLC,22.5,22.5,21.5,148200.0
2012-01-03,21.4,FLC,20.3,21.7,19.5,202300.0
2011-12-30,20.1,FLC,19.0,20.8,19.0,725800.0
2011-12-29,20.3,FLC,21.4,21.4,18.8,238800.0
2011-12-28,20.2,FLC,19.0,20.2,19.0,267600.0
2011-12-27,18.9,FLC,19.0,19.0,18.8,283800.0
2011-12-26,18.1,FLC,17.4,18.1,16.9,353200.0
2011-12-23,17.2,FLC,17.8,17.8,16.8,356800.0
2011-12-22,17.9,FLC,17.6,18.4,17.6,281800.0
2011-12-21,17.3,FLC,16.5,17.3,16.5,308500.0
2011-12-20,16.5,FLC,15.8,16.5,15.4,431500.0
2011-12-19,15.8,FLC,14.9,15.8,14.5,538000.0
2011-12-16,15.2,FLC,14.4,15.4,14.0,335400.0
2011-12-15,14.4,FLC,14.8,14.8,14.2,257600.0
2011-12-14,14.5,FLC,15.2,15.3,14.5,152200.0
2011-12-13,15.0,FLC,14.7,15.3,14.4,439500.0
2011-12-12,14.7,FLC,14.2,14.9,13.9,353800.0
2011-12-09,14.3,FLC,14.2,14.3,13.5,296000.0
2011-12-08,13.9,FLC,14.2,14.5,13.6,214500.0
2011-12-07,14.3,FLC,14.9,14.9,14.3,279600.0
2011-12-06,14.9,FLC,15.3,15.8,14.9,259000.0
2011-12-05,14.9,FLC,15.4,15.5,14.0,227100.0
2011-12-02,14.6,FLC,15.1,15.1,14.3,315200.0
2011-12-01,14.7,FLC,16.0,16.2,14.7,291800.0
2011-11-30,15.6,FLC,16.4,16.4,15.5,369700.0
2011-11-29,15.8,FLC,15.8,15.8,15.5,543800.0
2011-11-28,14.9,FLC,14.8,14.9,14.6,424400.0
2011-11-25,14.0,FLC,14.0,14.3,13.8,442100.0
2011-11-24,13.4,FLC,13.3,13.4,13.3,218300.0
2011-11-23,12.6,FLC,12.4,12.6,12.4,151900.0
2011-11-22,11.9,FLC,11.2,11.9,11.2,252600.0
2011-11-21,11.3,FLC,11.0,11.3,10.6,232100.0
2011-11-18,11.0,FLC,10.7,11.3,10.5,312600.0
2011-11-17,10.6,FLC,10.7,11.1,10.5,448700.0
2011-11-16,10.6,FLC,9.6,11.0,9.6,486700.0
2011-11-15,10.6,FLC,10.9,10.9,10.0,317200.0
2011-11-14,10.3,FLC,10.3,11.0,10.2,448400.0
2011-11-11,10.7,FLC,10.8,11.3,10.3,377500.0
2011-11-10,10.4,FLC,10.8,10.8,10.2,253500.0
2011-11-09,10.8,FLC,10.7,11.2,10.5,385800.0
2011-11-08,10.8,FLC,11.5,11.5,10.5,191600.0
2011-11-07,11.2,FLC,11.1,11.2,10.7,231200.0
2011-11-04,10.7,FLC,9.4,10.8,9.4,765400.0
2011-11-03,10.1,FLC,10.1,10.1,10.1,39600.0
2011-11-02,10.7,FLC,11.4,11.4,10.7,37200.0
2011-11-01,11.1,FLC,11.9,11.9,11.1,61900.0
2011-10-31,11.5,FLC,11.9,12.4,11.1,112300.0
2011-10-28,12.0,FLC,11.1,12.7,11.1,169300.0
2011-10-27,11.4,FLC,12.0,12.0,11.4,22500.0
2011-10-26,11.7,FLC,11.9,11.9,11.7,11300.0
2011-10-25,11.9,FLC,12.3,12.3,11.8,33700.0
2011-10-24,12.2,FLC,12.7,12.7,12.0,43800.0
2011-10-21,12.1,FLC,13.0,13.0,12.1,17200.0
2011-10-20,12.8,FLC,11.5,12.8,11.5,50500.0
2011-10-19,12.3,FLC,12.2,14.0,12.2,248800.0
2011-10-18,13.1,FLC,13.1,13.1,13.1,6500.0
2011-10-17,14.0,FLC,14.0,14.0,14.0,5000.0
2011-10-14,14.8,FLC,15.0,15.5,14.8,79500.0
2011-10-13,15.3,FLC,16.5,16.7,15.0,44700.0
2011-10-12,16.0,FLC,15.6,16.3,15.6,134200.0
2011-10-11,17.0,FLC,16.8,17.1,16.1,143300.0
2011-10-10,17.0,FLC,16.9,17.0,16.3,120300.0
2011-10-07,15.9,FLC,15.9,15.9,15.8,181500.0
2011-10-06,14.9,FLC,14.9,14.9,14.9,1100.0
2011-10-05,16.2,FLC,12.1,16.2,9.4,1004400.0
